pathway_id,pathway_name,gene_symbol
hsa05417,Lipid and Atherosclerosis,ABCA1
hsa05417,Lipid and Atherosclerosis,ABCG1
hsa05417,Lipid and Atherosclerosis,AGER
hsa05417,Lipid and Atherosclerosis,AKT1
hsa05417,Lipid and Atherosclerosis,AKT2
hsa05417,Lipid and Atherosclerosis,AKT3
hsa05417,Lipid and Atherosclerosis,APAF1
hsa05417,Lipid and Atherosclerosis,APOA1
hsa05417,Lipid and Atherosclerosis,APOA4
hsa05417,Lipid and Atherosclerosis,APOB
hsa05417,Lipid and Atherosclerosis,ARHGEF1
hsa05417,Lipid and Atherosclerosis,ATF4
hsa05417,Lipid and Atherosclerosis,ATF6
hsa05417,Lipid and Atherosclerosis,BAD
hsa05417,Lipid and Atherosclerosis,BAX
hsa05417,Lipid and Atherosclerosis,BCL2
hsa05417,Lipid and Atherosclerosis,BCL2L1
hsa05417,Lipid and Atherosclerosis,BID
hsa05417,Lipid and Atherosclerosis,CALM1
hsa05417,Lipid and Atherosclerosis,CALM2
hsa05417,Lipid and Atherosclerosis,CALM3
hsa05417,Lipid and Atherosclerosis,CALML3
hsa05417,Lipid and Atherosclerosis,CALML4
hsa05417,Lipid and Atherosclerosis,CALML5
hsa05417,Lipid and Atherosclerosis,CALML6
hsa05417,Lipid and Atherosclerosis,CAMK2A
hsa05417,Lipid and Atherosclerosis,CAMK2B
hsa05417,Lipid and Atherosclerosis,CAMK2D
hsa05417,Lipid and Atherosclerosis,CAMK2G
hsa05417,Lipid and Atherosclerosis,CASP1
hsa05417,Lipid and Atherosclerosis,CASP3
hsa05417,Lipid and Atherosclerosis,CASP6
hsa05417,Lipid and Atherosclerosis,CASP7
hsa05417,Lipid and Atherosclerosis,CASP8
hsa05417,Lipid and Atherosclerosis,CASP9
hsa05417,Lipid and Atherosclerosis,CCL2
hsa05417,Lipid and Atherosclerosis,CCL3
hsa05417,Lipid and Atherosclerosis,CCL3L1
hsa05417,Lipid and Atherosclerosis,CCL3L3
hsa05417,Lipid and Atherosclerosis,CCL5
hsa05417,Lipid and Atherosclerosis,CD14
hsa05417,Lipid and Atherosclerosis,CD36
hsa05417,Lipid and Atherosclerosis,CD40
hsa05417,Lipid and Atherosclerosis,CD40LG
hsa05417,Lipid and Atherosclerosis,CDC42
hsa05417,Lipid and Atherosclerosis,CHUK
hsa05417,Lipid and Atherosclerosis,CXCL1
hsa05417,Lipid and Atherosclerosis,CXCL2
hsa05417,Lipid and Atherosclerosis,CXCL3
hsa05417,Lipid and Atherosclerosis,CXCL8
hsa05417,Lipid and Atherosclerosis,CYBA
hsa05417,Lipid and Atherosclerosis,CYBB
hsa05417,Lipid and Atherosclerosis,CYCS
hsa05417,Lipid and Atherosclerosis,CYP1A1
hsa05417,Lipid and Atherosclerosis,CYP2A6
hsa05417,Lipid and Atherosclerosis,CYP2A7
hsa05417,Lipid and Atherosclerosis,CYP2B6
hsa05417,Lipid and Atherosclerosis,CYP2C8
hsa05417,Lipid and Atherosclerosis,CYP2C9
hsa05417,Lipid and Atherosclerosis,CYP2J2
hsa05417,Lipid and Atherosclerosis,DDIT3
hsa05417,Lipid and Atherosclerosis,EIF2AK3
hsa05417,Lipid and Atherosclerosis,EIF2S1
hsa05417,Lipid and Atherosclerosis,ERN1
hsa05417,Lipid and Atherosclerosis,ERO1A
hsa05417,Lipid and Atherosclerosis,FAS
hsa05417,Lipid and Atherosclerosis,FASLG
hsa05417,Lipid and Atherosclerosis,FOS
hsa05417,Lipid and Atherosclerosis,GSK3B
hsa05417,Lipid and Atherosclerosis,HRAS
hsa05417,Lipid and Atherosclerosis,HSP90AA1
hsa05417,Lipid and Atherosclerosis,HSP90AB1
hsa05417,Lipid and Atherosclerosis,HSP90B1
hsa05417,Lipid and Atherosclerosis,HSPA1A
hsa05417,Lipid and Atherosclerosis,HSPA1B
hsa05417,Lipid and Atherosclerosis,HSPA1L
hsa05417,Lipid and Atherosclerosis,HSPA2
hsa05417,Lipid and Atherosclerosis,HSPA4
hsa05417,Lipid and Atherosclerosis,HSPA5
hsa05417,Lipid and Atherosclerosis,HSPA6
hsa05417,Lipid and Atherosclerosis,HSPA8
hsa05417,Lipid and Atherosclerosis,HSPD1
hsa05417,Lipid and Atherosclerosis,ICAM1
hsa05417,Lipid and Atherosclerosis,IFNA1
hsa05417,Lipid and Atherosclerosis,IFNA10
hsa05417,Lipid and Atherosclerosis,IFNA13
hsa05417,Lipid and Atherosclerosis,IFNA14
hsa05417,Lipid and Atherosclerosis,IFNA16
hsa05417,Lipid and Atherosclerosis,IFNA17
hsa05417,Lipid and Atherosclerosis,IFNA2
hsa05417,Lipid and Atherosclerosis,IFNA21
hsa05417,Lipid and Atherosclerosis,IFNA4
hsa05417,Lipid and Atherosclerosis,IFNA5
hsa05417,Lipid and Atherosclerosis,IFNA6
hsa05417,Lipid and Atherosclerosis,IFNA7
hsa05417,Lipid and Atherosclerosis,IFNA8
hsa05417,Lipid and Atherosclerosis,IFNB1
hsa05417,Lipid and Atherosclerosis,IKBKB
hsa05417,Lipid and Atherosclerosis,IKBKE
hsa05417,Lipid and Atherosclerosis,IKBKG
hsa05417,Lipid and Atherosclerosis,IL12A
hsa05417,Lipid and Atherosclerosis,IL12B
hsa05417,Lipid and Atherosclerosis,IL18
hsa05417,Lipid and Atherosclerosis,IL1B
hsa05417,Lipid and Atherosclerosis,IL6
hsa05417,Lipid and Atherosclerosis,IRAK1
hsa05417,Lipid and Atherosclerosis,IRAK4
hsa05417,Lipid and Atherosclerosis,IRF3
hsa05417,Lipid and Atherosclerosis,IRF7
hsa05417,Lipid and Atherosclerosis,ITPR1
hsa05417,Lipid and Atherosclerosis,JAK2
hsa05417,Lipid and Atherosclerosis,JUN
hsa05417,Lipid and Atherosclerosis,KRAS
hsa05417,Lipid and Atherosclerosis,LBP
hsa05417,Lipid and Atherosclerosis,LDLR
hsa05417,Lipid and Atherosclerosis,LY96
hsa05417,Lipid and Atherosclerosis,LYN
hsa05417,Lipid and Atherosclerosis,MAP2K3
hsa05417,Lipid and Atherosclerosis,MAP2K4
hsa05417,Lipid and Atherosclerosis,MAP2K6
hsa05417,Lipid and Atherosclerosis,MAP2K7
hsa05417,Lipid and Atherosclerosis,MAP3K5
hsa05417,Lipid and Atherosclerosis,MAP3K7
hsa05417,Lipid and Atherosclerosis,MAPK1
hsa05417,Lipid and Atherosclerosis,MAPK10
hsa05417,Lipid and Atherosclerosis,MAPK11
hsa05417,Lipid and Atherosclerosis,MAPK12
hsa05417,Lipid and Atherosclerosis,MAPK13
hsa05417,Lipid and Atherosclerosis,MAPK14
hsa05417,Lipid and Atherosclerosis,MAPK3
hsa05417,Lipid and Atherosclerosis,MAPK8
hsa05417,Lipid and Atherosclerosis,MAPK9
hsa05417,Lipid and Atherosclerosis,MIB1
hsa05417,Lipid and Atherosclerosis,MIB2
hsa05417,Lipid and Atherosclerosis,MMP1
hsa05417,Lipid and Atherosclerosis,MMP3
hsa05417,Lipid and Atherosclerosis,MMP9
hsa05417,Lipid and Atherosclerosis,MYD88
hsa05417,Lipid and Atherosclerosis,NCF1
hsa05417,Lipid and Atherosclerosis,NCF2
hsa05417,Lipid and Atherosclerosis,NCF4
hsa05417,Lipid and Atherosclerosis,NFATC1
hsa05417,Lipid and Atherosclerosis,NFATC2
hsa05417,Lipid and Atherosclerosis,NFATC3
hsa05417,Lipid and Atherosclerosis,NFE2L2
hsa05417,Lipid and Atherosclerosis,NFKB1
hsa05417,Lipid and Atherosclerosis,NFKBIA
hsa05417,Lipid and Atherosclerosis,NLRP3
hsa05417,Lipid and Atherosclerosis,NOS3
hsa05417,Lipid and Atherosclerosis,NOX1
hsa05417,Lipid and Atherosclerosis,NRAS
hsa05417,Lipid and Atherosclerosis,OLR1
hsa05417,Lipid and Atherosclerosis,P3R3URF-PIK3R3
hsa05417,Lipid and Atherosclerosis,PDPK1
hsa05417,Lipid and Atherosclerosis,PIK3CA
hsa05417,Lipid and Atherosclerosis,PIK3CB
hsa05417,Lipid and Atherosclerosis,PIK3CD
hsa05417,Lipid and Atherosclerosis,PIK3R1
hsa05417,Lipid and Atherosclerosis,PIK3R2
hsa05417,Lipid and Atherosclerosis,PIK3R3
hsa05417,Lipid and Atherosclerosis,PLCB1
hsa05417,Lipid and Atherosclerosis,PLCB2
hsa05417,Lipid and Atherosclerosis,PLCB3
hsa05417,Lipid and Atherosclerosis,PLCB4
hsa05417,Lipid and Atherosclerosis,PLCG1
hsa05417,Lipid and Atherosclerosis,POU2F1
hsa05417,Lipid and Atherosclerosis,POU2F2
hsa05417,Lipid and Atherosclerosis,POU2F3
hsa05417,Lipid and Atherosclerosis,PPARG
hsa05417,Lipid and Atherosclerosis,PPP3CA
hsa05417,Lipid and Atherosclerosis,PPP3CB
hsa05417,Lipid and Atherosclerosis,PPP3CC
hsa05417,Lipid and Atherosclerosis,PPP3R1
hsa05417,Lipid and Atherosclerosis,PPP3R2
hsa05417,Lipid and Atherosclerosis,PRKCA
hsa05417,Lipid and Atherosclerosis,PTK2
hsa05417,Lipid and Atherosclerosis,PYCARD
hsa05417,Lipid and Atherosclerosis,RAC1
hsa05417,Lipid and Atherosclerosis,RAP1A
hsa05417,Lipid and Atherosclerosis,RAP1B
hsa05417,Lipid and Atherosclerosis,RELA
hsa05417,Lipid and Atherosclerosis,RHOA
hsa05417,Lipid and Atherosclerosis,ROCK2
hsa05417,Lipid and Atherosclerosis,RXRA
hsa05417,Lipid and Atherosclerosis,RXRB
hsa05417,Lipid and Atherosclerosis,RXRG
hsa05417,Lipid and Atherosclerosis,SELE
hsa05417,Lipid and Atherosclerosis,SELP
hsa05417,Lipid and Atherosclerosis,SOD2
hsa05417,Lipid and Atherosclerosis,SRC
hsa05417,Lipid and Atherosclerosis,STAT3
hsa05417,Lipid and Atherosclerosis,TAB1
hsa05417,Lipid and Atherosclerosis,TAB2
hsa05417,Lipid and Atherosclerosis,TANK
hsa05417,Lipid and Atherosclerosis,TBK1
hsa05417,Lipid and Atherosclerosis,TICAM1
hsa05417,Lipid and Atherosclerosis,TICAM2
hsa05417,Lipid and Atherosclerosis,TIRAP
hsa05417,Lipid and Atherosclerosis,TLR2
hsa05417,Lipid and Atherosclerosis,TLR4
hsa05417,Lipid and Atherosclerosis,TLR6
hsa05417,Lipid and Atherosclerosis,TNF
hsa05417,Lipid and Atherosclerosis,TNFRSF10A
hsa05417,Lipid and Atherosclerosis,TNFRSF10B
hsa05417,Lipid and Atherosclerosis,TNFRSF1A
hsa05417,Lipid and Atherosclerosis,TNFSF10
hsa05417,Lipid and Atherosclerosis,TP53
hsa05417,Lipid and Atherosclerosis,TRAF2
hsa05417,Lipid and Atherosclerosis,TRAF3
hsa05417,Lipid and Atherosclerosis,TRAF6
hsa05417,Lipid and Atherosclerosis,VAV1
hsa05417,Lipid and Atherosclerosis,VAV2
hsa05417,Lipid and Atherosclerosis,VAV3
hsa05417,Lipid and Atherosclerosis,VCAM1
hsa05417,Lipid and Atherosclerosis,VLDLR
hsa05417,Lipid and Atherosclerosis,XBP1
