"pathway","pval","padj","log2err","ES","NES","size","leadingEdge"
"HALLMARK_E2F_TARGETS",2.63299914763604e-22,1.31649957381802e-20,1.22105375677186,0.702636575298281,2.44974360999836,200,"CDKN2A;KIF4A;CDC20;DLGAP5;DEPDC1;TOP2A;CENPM;PTTG1;DIAPH3;MYBL2;MELK;CDK1;CDKN3;E2F8;SPC25;MKI67;CCNB2;SPC24;UBE2T;CENPE;STMN1;RRM2;BUB1B;KIF2C;ASF1B;KIF18B;BIRC5;MCM2;HMMR;TCF19;GINS1;AURKB;MAD2L1;CDCA8;TRIP13;RNASEH2A;CCNE1;CDKN2C;TK1;UBE2S;RAD51AP1;RACGAP1;AURKA;CDCA3;MCM5;HMGA1;MCM6;KPNA2;CDC25A;PLK4;CHEK1;GINS4;JPT1;ORC6;PRIM2;DSCC1;MCM4;PCNA;CKS2;PLK1;SNRPB;MSH2;HELLS;LMNB1;MCM3;NME1;ATAD2;H2AZ1;HMGB2;DCK;CKS1B;CIT;DCTPP1;POLA2;RAD51C;RFC3;RAN;TACC3;POLD1;TUBB;CDK4;GINS3;H2AX;DCLRE1B;NAA38;TUBG1;RPA3;SUV39H1;RAD21;CSE1L;ASF1A;NAP1L1;LIG1;XRCC6;MCM7;CHEK2;MMS22L;PA2G4;TMPO;ESPL1;LBR;RBBP7;PRKDC;EZH2;BARD1;KIF22;RFC2;SSRP1;SMC3;PSMC3IP;NUDT21;PAICS;SLBP;TIPIN;UNG;ANP32E;PHF5A;BRCA2;DEK;USP1;RPA2;PPP1R8;UBR7;PSIP1;PPM1D;TP53;NCAPD2;NUP205;SYNCRIP;RANBP1;RPA1;NBN;EIF2S1"
"HALLMARK_G2M_CHECKPOINT",1.21603241974884e-20,3.0400810493721e-19,1.1778932614942,0.689041352428857,2.40234384243468,200,"KIF4A;NEK2;PBK;CDC20;CENPA;TOP2A;UBE2C;PTTG1;CENPF;MYBL2;CDK1;CDKN3;EXO1;NDC80;TTK;MKI67;CCNB2;E2F1;TROAP;BUB1;CENPE;STMN1;KIF15;KIF2C;BIRC5;TPX2;MCM2;HMMR;KIF23;CDC45;AURKB;MAD2L1;KIF11;PRC1;RAD54L;GINS2;CDKN2C;UBE2S;RACGAP1;AURKA;POLQ;MCM5;HMGA1;MCM6;KPNA2;CDC25A;E2F2;CCNA2;KNL1;PLK4;CHEK1;CDC6;JPT1;ORC6;PRIM2;CKS2;TRAIP;NUSAP1;PLK1;CHAF1A;CCNF;MARCKS;SNRPD1;LMNB1;MCM3;H2AZ1;H2BC12;SQLE;CKS1B;POLA2;H2AZ2;STIL;HMGN2;TACC3;KIF20B;CDK4;SMC2;H2AX;DTYMK;UCK2;SUV39H1;CBX1;RAD21"
"HALLMARK_MYC_TARGETS_V1",1.30639163084827e-19,2.17731938474711e-18,1.14219120216838,0.680733993392042,2.3733802210807,200,"CDC20;MCM2;CDC45;MAD2L1;TYMS;MCM5;MCM6;KPNA2;CCNA2;PABPC1;MCM4;PCNA;CCT3;NPM1;SNRPD1;NME1;SNRPD2;RRM1;H2AZ1;LSM2;ILF2;FBL;PPIA;PSMB3;CCT7;RFC4;CSTF2;HSP90AB1;RAN;SNRPB2;CDK4;PHB1;MRPL9;EPRS1;EIF3D;RUVBL2;NHP2;AIMP2;RPL14;HPRT1;CCT5;HNRNPA1;PPM1G;PSMD14;GLO1;RPS10;SSBP1;SET;RPL6;NAP1L1;RACK1;PSMB2;SNRPD3;CANX;XRCC6;PSMA6;MCM7;PSMC4;RPLP0;RSL1D1;CCT4;PA2G4;SNRPG;HNRNPA3;CYC1;LSM7;RPS6;VBP1;COPS5;PSMD8;RPL22;KARS1;PSMA7;TRIM28;VDAC1;ERH;APEX1;HDGF;IMPDH2;YWHAQ;PWP1;HNRNPU;RPS2;PTGES3;RPL18;UBA2;RRP9;RPS5;COX5A;RPS3;PRPS2;HNRNPC;HDAC2;RPL34;EIF2S2;PRPF31;CCT2;SERBP1;EEF1B2;PSMA2;ACP1;CBX3;MRPS18B;POLE3;DEK;PSMA4;USP1;UBE2L3;SF3A1;SMARCC1;SNRPA;UBE2E1;PGK1;CLNS1A;NOP16;AP3S1;BUB3;TXNL4A;EXOSC7;TUFM;YWHAE;SYNCRIP;RANBP1;EIF4G2;EIF2S1;SLC25A3;STARD7;G3BP1;MRPL23;HNRNPR;DUT;MYC;SNRPA1;HDDC2;EIF3B;PSMD1;NCBP2;PRDX4;SRM;TOMM70;RNPS1;PCBP1;NDUFAB1;HNRNPA2B1;CUL1;SSB;ETF1;RAD23B;SF3B3;KPNB1;HSPD1;PSMD3;POLD2;C1QBP;TCP1;ODC1;EIF1AX;FAM120A;DDX18;VDAC3;PABPC4"
"HALLMARK_OXIDATIVE_PHOSPHORYLATION",7.03579377955025e-11,8.79474222443781e-10,0.839088935621274,0.587559265510833,2.04868883746596,199,"BAX;ATP1B1;ATP5MC1;COX6B1;ATP6V1F;UQCRH;COX7B;UQCRB;NDUFC2;ATP6AP1;NDUFA1;ATP5MG;COX7C;ATP5MF;COX6C;TOMM22;ATP5F1E;NDUFS6;ATP5MC2;ATP5PD;ETFB;NDUFS4;NDUFB6;NDUFA7;NDUFA2;TIMM9;ATP6V0E1;COX6A1;UQCR10;NDUFB4;NDUFA8;ATP6V1E1;MRPL15;ATP6V1C1;ATP6V1D;TIMM10;COX8A;COX7A2;NDUFA3;ATP5ME;GPX4;HCCS;NDUFB2;UQCRC1;COX4I1;ATP6V1H;POLR2F;NDUFB5;CYC1;NDUFS8;MGST3;NDUFA6;VDAC2;SLC25A5;MRPL11;NDUFB7;SLC25A6;VDAC1;NDUFS7;NDUFB3;TIMM50;COX17;ATP5F1C;ATP5PO;ATP6V0B;COX5A;MRPL35;SDHC;COX7A2L;ATP6V1G1;HADHA;FH;PHYH;NDUFS3;UQCR11;ACO2;ATP5PB;COX5B;OGDH;TIMM17A;IDH1;NDUFB8;NDUFA9;UQCRQ;TIMM8B;TIMM13;NDUFC1;ATP5PF;ISCA1;PDHB;IDH3G;MRPS12;MDH1;MTX2;MRPS15;HSPA9;ATP5F1B;NDUFB1;ATP5F1A;ATP5MC3;GPI;LRPPRC;CYCS;HTRA2;SLC25A3;DLAT;SURF1;ATP6V0C;MRPS30;MDH2;AIFM1;UQCRFS1;MRPS22;NQO2;ECI1;ECH1;TOMM70;ALAS1;NDUFAB1;SUPV3L1;MRPS11;LDHB;PDHA1;COX11;AFG3L2;NDUFS2;MAOB;ISCU;HSD17B10;SUCLG1;VDAC3;IMMT;IDH3B;SLC25A11;NDUFS1;RETSAT;DLD;ATP5F1D;NDUFV1"
"HALLMARK_MITOTIC_SPINDLE",2.63507468041609e-09,2.63507468041609e-08,0.774939030136436,0.563056807746365,1.96325420191663,199,"KIF4A;NEK2;DLGAP5;TOP2A;CENPF;CDK1;NDC80;TTK;CCNB2;ANLN;BUB1;CENPE;KIF15;KIF2C;BIRC5;TPX2;KIF23;KIF11;PRC1;RACGAP1;AURKA;ECT2;NUSAP1;PLK1;MARCKS;LMNB1;SAC3D1;FSCN1;ALMS1;ARHGEF3;MAPRE1;KIFAP3;KIF20B;KIF3C;CYTH2;MAP1S;GSN;PIF1;CEP131;CAPZB;RALBP1;INCENP;DYNC1H1;ACTN4;ESPL1;CDC42;FGD6;MID1;LLGL1;NIN;KIF22;UXT;MYH9;SMC3;BIN1;PCGF5;BRCA2;STAU1;RHOF;WASF2;PREX1;SPTAN1;MID1IP1;NEDD9;KATNB1;ARF6;TUBA4A;CLIP2;ARHGEF2;PALLD;YWHAE;LRPPRC;CDC42EP2;WASL;FLNB;KIF5B;SEPTIN9;CDK5RAP2;KIF3B;MARK4;ARHGDIA;RFC1;CD2AP;CDC42EP4;SMC1A;TBCD;CEP250;CEP72;ABI1"
"HALLMARK_DNA_REPAIR",1.48108323114019e-08,1.23423602595016e-07,0.747739663149885,0.587773409498046,1.98434879668584,150,"ZWINT;RAD51;TYMS;BOLA2;FEN1;PRIM1;PCNA;NELFE;BCAP31;NME1;POLR2K;PDE6G;SAC3D1;ALYREF;MPC2;CCNO;GTF2H5;BCAM;RFC4;POLA2;POLR1H;DAD1;RFC3;VPS28;POLD1;GTF2A2;POLR3C;CETN2;RPA3;HPRT1;LIG1;POLR2G;GPX4;SUPT4H1;TSG101;POLR2F;RALA;EDF1;CANT1;SDCBP;RBX1;IMPDH2;COX17;POLA1;ERCC1;RFC2;TAF9;SSRP1;POLR3GL;ADA;POLR2J;ERCC2;NUDT21;ADRM1;UMPS;ITPA;TAF12;TAF10;CLP1;NELFCD;POLR2I;MRPL40;SF3A3;GTF2F1;CMPK2;RPA2;DDB1;TP53;BRF2;RRM2B;DGUOK;GUK1;ARL6IP1;DCTN4;RFC5;ZNF707;POLH;TAF6;SURF1;RAE1;APRT;USP11;NELFB;DUT;TMED2;NCBP2;SNAPC5;POLR2D;POLR2E;MPG;NT5C;GTF2B;GSDME;POLE4;NUDT9;POLR2C"
"HALLMARK_MTORC1_SIGNALING",2.54710198411176e-08,1.81935856007983e-07,0.73376198835648,0.540568439271101,1.88469277920666,200,"BUB1;RRM2;MCM2;SLC7A11;STC1;AURKA;CDC25A;MCM4;PLK1;PSPH;IFI30;CCNF;SQSTM1;G6PD;ATP5MC1;GMPS;CTSC;RPN1;BCAT1;SQLE;PPIA;PIK3R3;CALR;TM7SF2;SLC1A5;CACYBP;TXNRD1;EPRS1;TUBG1;HSPA4;HPRT1;PSMB5;FDXR;PSMD14;TMEM97;ATP6V1D;SCD;HSPA5;PRDX1;CANX;PSMC4;DHFR;SKAP2;PSMC2;ALDOA;COPS5;PDAP1;SSR1;GLA;LGMN;ACLY;UCHL5;CYP51A1;SERPINH1;TOMM40;CCNG1;ITGB2;FKBP2;SEC11A;ENO1;ACTR2;CCT6A;SLC1A4;ACTR3;GAPDH;RRP9;ABCF2;PPA1;LTA4H;CYB5B;EIF2S2;PNO1;UNG;HK2;CXCR4;TES;BTG2;STIP1;PSME3;IDH1;TCEA1;PSMA4;NUPR1;PSMD13;PGK1;TUBA4A;NUP205;HSPA9;EEF1E1;GPI;RPA1;FGL2;GSK3B;DDX39A;NUFIP1;TPI1;GSR;HMBS;RIT1;RDH11;EGLN3;IDI1;ACSL3;PSMA3;EBP;ME1;P4HA1;NHERF1;CORO1A;WARS1;ETF1;CD9;DHCR24;HSPD1;PSMG1"
"HALLMARK_KRAS_SIGNALING_DN",1.29755865801282e-07,8.1097416125801e-07,0.690132458796796,-0.54611381978873,-1.85728745947837,200,"KRT13;CLPS;SPRR3;KRT4;MYH7;KRT1;CKM;CALML5;OXT;MYOT;CPA2;SOX10;KRT5;ACTC1;GP2;KRT15;CPB1;NTF3;RGS11;BMPR1B;TFF2;TNNI3;CNTFR;ATP4A;LGALS7;KLK7;WNT16;PKP1;ARPP21;MYO15A;CCNA1;TG;SERPINB2;MEFV;TSHB;FSHB;CYP39A1;SNCB;UGT2B17;ARHGDIG;TGM1;SCGB1A1;ABCB11;KLK8;P2RX6;TAS2R4;PNMT;CPEB3;ALOX12B;CYP11B2;ZBTB16;SPTBN2;NPY4R;RYR2;NOS1;KCND1;NR4A2;CHRNG;ABCG4;PAX4;EFHD1;P2RY4"
"HALLMARK_MYOGENESIS",2.33901432032427e-05,0.000129945240018015,0.575610261071129,-0.494457683120096,-1.68160925584516,200,"MYL2;MYH7;MYL1;CKM;MYL7;MYH2;ACTA1;DES;ACTC1;MYH1;CSRP3;SLN;VIPR1;COX6A2;GNAO1;PVALB;TNNT3;CAMK2B;MYBPC3;MYBPH;MYL3;PTGIS;NCAM1;MYOM2;TNNT2;MYF6;ENO3;PPP1R3C;CACNA1H;ATP2A1;MYH3;TNNT1;MB;PPFIA4;PYGM;CASQ1;SGCA;MYL11;MYOZ1;ACSL1;LDB3;EFS;LAMA2;IGF1;CKMT2;IGFBP3;NOS1;FXYD1;TNNC2;ACTN3;CHRNG;GADD45B;MAPRE3;IFRD1;SORBS1;TCAP;SGCD;CAV3;NAV2;BHLHE40;DMPK;KCNH1;LPIN1;PC;FHL1;APOD;MYOG;MYH11;SPEG;KCNH2;AGL"
"HALLMARK_INTERFERON_ALPHA_RESPONSE",0.000186513919366747,0.000932569596833737,0.518848077743792,0.537470235783382,1.71046420395898,97,"CXCL11;CXCL10;IFI27;LAMP3;CD74;PSMB9;IFI30;RTP4;CCRL2;ISG15;LGALS3BP;IFI35;GBP2;RIPK2;HLA-C;OASL;PSME1;IFIT3;CD47;DDX60;B2M;RSAD2;PSME2;IFIT2;TAP1;ISG20;TRIM26;IFIH1;USP18;PSMB8;CNP;CMPK2;GBP4;NUB1;IFITM3;NMI;MVB12A;EPSTI1;MX1;EIF2AK2;BST2;IFI44L;ADAR;TDRD7;TRIM21;OAS1;HELZ2;PSMA3;WARS1;CASP8;TMEM140;SP110;TRAFD1;IRF1"
"HALLMARK_MYC_TARGETS_V2",0.000265039380849333,0.00120472445840606,0.49849310876659,0.613413310547166,1.79117149745511,58,"MCM5;PLK4;MCM4;PLK1;NPM1;EXOSC5;DCTPP1;BYSL;CDK4;PHB1;AIMP2;TMEM97;LAS1L;PA2G4;PES1;TCOF1;RRP9;GRWD1;UNG;HK2;CBX3;NOC4L;FARSA;NOP16;RRP12;NDUFAF4;MYC;PRMT3;WDR43;IPO4;SRM;TFB2M;SUPV3L1;WDR74;NIP7;HSPD1;DDX18;PPAN;UTP20;IMP4;HSPE1;MPHOSPH10;NOLC1;RABEPK;TBRG4"
"HALLMARK_P53_PATHWAY",0.000950268228645754,0.00395945095269064,0.477270815362862,0.419629377018118,1.46303853379869,200,"CDKN2A;CDH13;SFN;SLC7A11;CDKN2B;FGF13;GM2A;TM4SF1;S100A10;PCNA;H2AJ;EPHX1;IFI30;BAX;ST14;ITGB4;PVT1;PDGFA;INHBB;H1-2;CTSD;RAD51C;FUCA1;JAG2;RPL36;VDR;S100A4;ZNF365;KRT17;PTPN14;TNFSF9;FDXR;SPHK1;TCN2;SLC3A2;RACK1;H2AC25;PHLDA3;HINT1;TAP1;BMP2;BAK1;CCNG1;IRAK1;RAP2B;DRAM1;RPL18;TPRKB;HRAS;TAX1BP3;ADA;HBEGF;IER5;RPS12;VAMP8;CTSF;BTG2;PITPNC1;DNTTIP2;WWP1;SERTAD3;IL1A;FAM162A;ALOX15B;RHBDF2;NUPR1;F2R;PPM1D;RPS27L;TRIAP1;OSGIN1;TP53;NDRG1;TGFB1;ABHD4;POLH"
"HALLMARK_ALLOGRAFT_REJECTION",0.00106506410215152,0.00409640039289045,0.45505986738723,0.418588177832067,1.45940839107279,200,"CDKN2A;CCL13;THY1;HLA-G;CXCL9;CXCR3;HLA-DQA1;CAPG;NOS2;HLA-DRA;CD74;HLA-A;CCL22;MMP9;HLA-DMB;LY86;IL12B;CD3D;CTSS;CD86;IGSF6;LTB;HLA-DMA;SIT1;NPM1;TGFB2;IL12A;IL27RA;NME1;HLA-DOA;INHBB;BCAT1;STAT1;RPL39;CD2;CD3G;PSMB10;CD40LG;GBP2;RIPK2;IL2RA;EIF3D;IL2RG;CCR5;CCR1;CD47;CCL5;B2M;RPS19;GZMA;RPL9;CD3E;TAP2;TAP1;RPS9;CD28;ICOSLG;UBE2N;GALNT1;ITGB2;RPS3A;TRAF2;TPD52;C2;CD80;ST8SIA4;CD8B;IFNAR2;DEGS1;EIF3A;TAPBP;HLA-E;LYN;F2R;LY75;APBB1;IL2;HLA-DOB;TGFB1;IL12RB1;NLRP3;RARS1;TIMP1;BCL10;F2;MRPL3;IFNGR2;MTIF2;IL13;ABI1;CCND3;CCL7;ICAM1;CD8A;IL18;SPI1;AARS1;CRTAM;CCND2;WARS1"
"HALLMARK_PROTEIN_SECRETION",0.00278045660427968,0.00993020215814172,0.431707695803346,0.486773556460587,1.54558313534647,96,"TSPAN8;CD63;PPT1;SCAMP3;ATP1A1;CTSC;LAMP2;AP3B1;KRT18;ERGIC3;ADAM10;TSG101;CLTC;ATP6V1H;GLA;CLTA;SCAMP1;TMED10;TPD52;ARF1;GNAS;COPE;VAMP7;RAB2A;ANP32E;SNX2;YIPF6;AP2B1;IGF2R;AP2S1;AP3S1;COPB1;VPS45;ATP6V1B1;AP2M1;COG2;RPS6KA3;MAPK1;TMED2;VAMP3;RAB9A;SCRN1;STX7;STAM;COPB2;RAB22A;ZW10;TMX1;SGMS1;GOSR2;ICA1;PAM;YKT6;M6PR;SSPN;CLCN3;ARCN1;SOD1;NAPA"
"HALLMARK_INTERFERON_GAMMA_RESPONSE",0.00425722608111136,0.0140988044213851,0.335068558717014,0.404105218061865,1.40902526434557,199,"CXCL11;IDO1;CXCL10;HLA-G;IFI27;CXCL9;HLA-DQA1;P2RY14;CD74;HLA-A;FCGR1A;CD86;HLA-DRB1;HLA-DMA;PSMB9;IFI30;RTP4;SECTM1;VCAM1;VAMP5;HLA-B;STAT1;IFIT1;OAS2;ISG15;LGALS3BP;IFI35;PSMB10;RIPK2;SAMHD1;OAS3;OASL;PSME1;IFIT3;TNFSF10;DDX60;BPGM;CCL5;ARL4A;PSMB2;B2M;GZMA;RSAD2;PSME2;IFIT2;TAP1;ISG20;TRIM26;ST8SIA4;IFIH1;TMT1B;VAMP8;IFNAR2;USP18;NUP93;PSMA2;TAPBP;PSMB8;MVP;CMKLR1;CMPK2;GBP4;LYSMD2;SPPL2A;IFITM3;TNFAIP6;NMI;SRI;SLAMF7;FGL2;EPSTI1;MX1;EIF2AK2;BST2;IFI44L;ADAR;TDRD7;ZNFX1;RNF213;TRIM21;HELZ2;CCL7;PSMA3;ICAM1;PFKP;WARS1;CASP8;CIITA;SP110;PTPN6;TRAFD1;IRF5;IRF1"
"HALLMARK_GLYCOLYSIS",0.00451161741484322,0.0140988044213851,0.326351610990907,0.397527538348026,1.38598043583633,200,"GPC3;CENPA;DEPDC1;KIF20A;CDK1;STMN1;HMMR;STC2;STC1;AURKA;BIK;SOX9;TXN;G6PD;SDC2;PKM;B3GNT3;RRAGD;SRD5A3;TALDO1;PPIA;HS6ST2;SPAG4;PYGB;BPNT1;GAL3ST1;TFF3;KDELR3;MET;HAX1;ALG1;TGFBI;PLOD1;HSPA5;SDC3;P4HA2;PSMC4;ALDOA;ABCB6;POLR3K;XYLT2;ISG20;GALK1;HOMER1;CLN6;ALDH7A1;ENO1;EFNA3;GNPDA1;NSDHL;CD44;SDHC;GUSB;ECD;HK2;MIF;CXCR4;EXT1;AGRN;PGM2;FAM162A;IDH1;PGK1;PGLS;MDH1;EXT2;NDUFV3;RPE;HS2ST1;GFUS;CHPF2;COG2;RARS1;GALE;MDH2;TPI1;KIF2A;ADORA2B;ARPP19;GALK2;B3GAT3;SLC16A3;PRPS1;EGLN3;MPI;B4GALT7;ME1;PFKP;P4HA1;AKR1A1;NT5E;COPB2;B3GALT6;PGAM1;ME2;CHST12;NANP;CHST2;LHX9;B4GALT2;FUT8;SAP30"
"HALLMARK_EPITHELIAL_MESENCHYMAL_TRANSITION",0.0051883600270697,0.015259882432558,0.303779434551183,0.395361222077219,1.37842757048856,200,"PTHLH;MMP1;THY1;MATN3;CTHRC1;SPP1;DKK1;CAPG;CAP2;COL11A1;EDIL3;COL4A1;SFRP4;LAMC1;LAMA3;FAP;MSX1;COL4A2;SPARC;FOXC2;TNFRSF12A;ITGA2;VCAM1;IL32;GPX7;CADM1;GJA1;MMP14;APLP1;PPIB;FUCA1;ADAM12;OXTR;CDH6;VIM;SPOCK1;LOXL2;SLC6A8;PRRX1;COPA;DAB2;PLOD3;TGFBI;CD59;PLOD1;COL1A1;FN1;COL1A2;MCM7;CDH11;LOXL1;COL5A2;LGALS1;SERPINH1;FBLN2;ITGB1;SERPINE2;NTM;CDH2;COMP;POSTN;TPM4;ITGAV;LOX;PCOLCE2;CD44;TIMP3;FBLN1;SLIT3;GLIPR1;PDGFRB;PMEPA1;MGP;MAGEE1;CALU"
"HALLMARK_UNFOLDED_PROTEIN_RESPONSE",0.00690399137001079,0.0191777538055855,0.256635016972443,0.449094862579952,1.453801442325,113,"STC2;NPM1;EXOSC4;IFIT1;CKS1B;EXOSC5;YWHAZ;CALR;H2AX;KDELR3;RPS14;SPCS1;NHP2;BANF1;TUBB2A;HSPA5;LSM4;PDIA6;EXOSC9;EXOSC1;SSR1;ATF6;PAIP1;EEF2;POP4;SEC11A;SLC1A4;RRP9;SRPRB;EIF4A3;DCTN1;YIF1A;CEBPG;EXOC2;ALDH18A1;DDX10;HSPA9;SHC1;ATP6V0D1;EIF2S1;KIF5B;DKC1;PARN;DCP2;CNOT4;KHSRP;WFS1;FUS;NFYA;TATDN2;GOSR2;SDAD1;EIF4E;NOP14;SLC30A5;IGFBP1;MTHFD2;LSM1;EIF4A1;NFYB;CNOT6;HSP90B1;NOLC1;IMP3"
"HALLMARK_PI3K_AKT_MTOR_SIGNALING",0.0221600688468158,0.0583159706495154,0.141766537975907,0.425716690481507,1.36347590781025,105,"CDK1;E2F1;SFN;GNGT1;SQSTM1;PRKAA2;PIK3R3;CALR;CDK4;RAC1;CFL1;IL2RG;CSNK2B;ARPC3;CLTC;PPP1CA;YWHAB;SMAD2;MAP2K6;UBE2N;TRAF2;ACTR2;ACTR3;PLCB1;ARF1;HRAS;GRB2;CXCR4;RPTOR;MAPKAP1;VAV3;RALB;AP2M1;GSK3B;PRKAG1;RPS6KA3;ARHGDIA;MAPK1;RIT1;MAPK9;ITPR2;DUSP3;PIN1;AKT1S1;PRKAR2A;PFN1;ATF1;IL4;RPS6KA1;ECSIT"
"HALLMARK_APOPTOSIS",0.0259397669817542,0.0648494174543856,0.132308522605383,0.383759625973425,1.30507323720383,160,"TOP2A;LEF1;LGALS3;GUCY2D;PLPPR4;LMNA;BIK;PEA15;TNFRSF12A;SQSTM1;PPT1;BCAP31;TGFB2;BAX;BMF;HMGB2;HSPB1;CAV1;CD2;GNA15;EMP1;KRT18;BTG3;GSN;TNFSF10;FDXR;GPX4;PTK2;DAP3;BID;H1-0;PSEN2;PSEN1;VDAC2;TAP1;ISG20;BMP2;CLU;PAK1;CD44;TIMP3;CTNNB1;ANKH;BTG2;DIABLO;IL1A;BIRC3;PDGFRB;IGF2R;GPX1;SPTAN1;F2R;NEDD9;TSPO;IFITM3;BCL2L1;DFFA;TIMP1;BCL10;AIFM3;F2;PLAT;GSR;APP;ERBB2;IL18;EBP;CCND2;ETF1;CASP8;DNAJA1;ANXA1;BRCA1;MGMT;IRF1"
"HALLMARK_ADIPOGENESIS",0.0706068125422964,0.168111458434039,0.0803258897498862,0.345189787412896,1.20350477854423,200,"COL15A1;ADIG;SNCG;ENPP2;CDKN2C;COL4A1;UCP2;SPARCL1;CD36;LPL;COX7B;LAMA4;TKT;TALDO1;SLC1A5;ETFB;PPARG;ANGPT1;DHRS7B;COX6A1;RTN3;UQCR10;RAB34;DRAM2;APOE;MRPL15;COX8A;SAMM50;DHRS7;ARL4A;GPX4;CAVIN1;UQCRC1;CD151;ATP1B3;CYC1;ALDOA;MGST3;ACLY;FABP4;UBC;NDUFB7;HSPB8;DNAJC15;REEP5;JAGN1;ATP5PO;SDHC;PHYH;NDUFS3;UQCR11;ACO2;YWHAG;CAVIN2;APLP2;IDH1;UQCRQ;IDH3G;MTCH2;SLC66A3;LTC4S;CCNG2;LIPE;GPD2;DLAT;BCL2L13;MDH2;AIFM1;ECH1;SLC25A1;PTGER3;ME1;NDUFAB1;VEGFB;TST;CMBL"
"HALLMARK_WNT_BETA_CATENIN_SIGNALING",0.085619285120532,0.194589284364845,0.0696410499154017,0.476947678649627,1.31429251665286,42,"DKK4;DKK1;LEF1;HDAC11;JAG2;NCSTN;HEY1;TCF7;PSEN2;HDAC5;HDAC2;CTNNB1;TP53;GNAI1;MYC;SKP2;CUL1;CCND2;ADAM17;JAG1;WNT5B;AXIN1"
"HALLMARK_REACTIVE_OXYGEN_SPECIES_PATHWAY",0.103026533996683,0.223970726079746,0.0631185759587299,0.450861001885035,1.27773130959249,48,"NQO1;ATOX1;TXN;G6PD;SRXN1;TXNRD1;NDUFB4;GPX4;PRDX1;LSP1;FTL;NDUFA6;PRDX6;GCLM;EGLN2;ERCC2;PRDX2;GLRX2;LAMTOR5"
"HALLMARK_IL2_STAT5_SIGNALING",0.116065426842931,0.241802972589439,0.0617563057695609,0.331483465975485,1.15580932241461,199,"CXCL10;SPP1;ETV4;CAPG;TLR7;TNFRSF4;CCNE1;COCH;IL3RA;TNFRSF9;CDC6;CD86;LTB;DRC1;ITGA6;S100A1;CTLA4;TNFRSF21;TNFRSF18;CKAP4;RRAGD;AMACR;APLP1;CD83;SLC1A5;BATF;SWAP70;PDCD2L;IL2RA;EMP1;UCK2;TNFRSF8;ICOS;PTRH2;TNFSF10;ANXA4;ARL4A;GPX4;SYNGR2;CD48;LRRC8C;CSF2;BMP2;CD79B;PRAF2;PLPP1;IRF6;GSTO1;ITGAV;SERPINB6;LCLAT1;SYT11;CD44;CCR4;CDC42SE2;NRP1;HK2;UMPS;CYFIP1;RABGAP1L;P2RX4;GLIPR2;GALM;ALCAM;IGF2R;GBP4;EEF1AKMT1"
"HALLMARK_UV_RESPONSE_UP",0.135444151275286,0.270888302550572,0.0563335007829073,0.339063071361784,1.14953147656069,157,"COL2A1;CTSV;CDKN2B;CCNE1;MAPK8IP2;MSX1;FEN1;EPHX1;SQSTM1;PPT1;SHOX2;ATP6V1F;HLA-F;FMO1;RPN1;BSG;MMP14;TYRO3;GGH;RFC4;PLCL1;H2AX;CYB5R1;BTG3;SLC6A8;ATP6V1C1;PSMC3;CHRNA5;KLHDC3;CREG1;PRKCD;BID;ALDOA;PDAP1;CDC5L;TAP1;BMP2;BAK1;HYAL2;APOM;HNRNPU;CYB5B;BTG2;HSPA2;STIP1;FGF18;POLE3;CNP;CEBPG;LYN;AP2S1;EIF2S3;TUBA4A;PPP1R2;HTR7;CLTB;MRPL23;GLS;TMBIM6;GRINA;ALAS1;CCND3;ICAM1;TST;SIGMAR1;DNAJA1;PPAT;IRF1;IGFBP2;EPCAM;SPR;E2F5;CDC34;PRKACA;YKT6;HSPA13;UROD"
"HALLMARK_KRAS_SIGNALING_UP",0.142341529438304,0.273733710458276,0.0556148644793071,0.324997879699025,1.13310565809603,200,"PLVAP;CXCL10;CCL20;MMP11;PTPRR;ADAMDEC1;SPP1;MMP10;ETV4;GABRA3;HKDC1;GPNMB;MMP9;PECAM1;EPHB2;SOX9;CTSS;SPARCL1;CPE;PLAU;LY96;MALL;MYCN;ITGA2;ACE;C3AR1;ADGRL4;LAPTM5;F13A1;FUCA1;CBX8;HOXD11;EMP1;GPRC5B;ZNF277;IL2RG;PRRX1;BPGM;CSF2;BMP2;ETV5;ITGB2;NIN;GNG11;CSF2RA;HBEGF;ATG10;NRP1;JUP;ANKH;CXCR4;PSMB8;BIRC3;RABGAP1L;GYPC;CMKLR1"
"HALLMARK_XENOBIOTIC_METABOLISM",0.17525588076854,0.324547927349148,0.0438807083118067,-0.329846105200854,-1.12177903680285,200,"CYP1A2;HGFAC;CYP26A1;CRP;REG1A;SLC22A1;CYP2E1;MT2A;GCKR;ESR1;TAT;ATOH8;LCAT;CSAD;TDO2;MBL2;CYP1A1;CYP4F2;HSD11B1;IGF1;CDA;GCH1;SLC46A3;ADH7;ABCC3;XDH;ARG1;GNMT;FBP1;F11;ITIH4;PEMT;VNN1;GABARAPL1;TPST1;PC;AOX1;NDRG2;ETFDH;PAPSS2;CYP2C18;PTS;ID2;ETS2;ABCC2;PTGDS;PLG;FABP1;LEAP2;UPB1;CA2;SERPINE1;IGFBP4;ASL"
"HALLMARK_APICAL_JUNCTION",0.225129709000677,0.402017337501208,0.0433411903189086,0.310673058202771,1.08316214368402,200,"MDK;CDH8;CD34;THY1;VWF;COL9A1;ICAM4;CLDN19;MMP9;PECAM1;LAMA3;CD86;ITGA2;VCAM1;ITGB4;CLDN6;FSCN1;ICAM2;PIK3R3;CLDN4;CDH6;MPZL1;CD209;TUBG1;MYL12B;TSPAN4;SLC30A3;TGFBI;ACTB;DMP1;WNK4;RSU1;SDC3;LAYN;EXOC4;ADAM23;PTK2;CLDN15;SKAP2;ADAM15;NECTIN2;ACTG1;CDH11;PARD6G;ACTN4;YWHAH;SGCE;ITGB1;CTNNA1;CLDN5;MAP4K2;HRAS;SRC;CX3CL1;MYH9;CLDN7;JUP;ARPC2;ALOX15B;CAP1;RHOF;GTF2F1;ADAM9;CD99;VASP;PPP2R2C;FBN1;SHC1;GNAI1;WASL;CDH1;ZYX;PIK3CB;NF2;IRS1;SYK;CDH3;TMEM8B;MAPK11;JAM3;NECTIN1;MSN"
"HALLMARK_HYPOXIA",0.237768550279834,0.409945776344541,0.0370521271336964,-0.319522122643841,-1.08513877261271,199,"MT1E;PKP1;CCN5;SRPX;DCN;MT2A;PCK1;GCK;GAPDHS;ENO3;PPP1R3C;PLAC8;CCN1;KIF5A;PPFIA4;FOS;PYGM;TMEM45A;TGM2;INHA;VEGFA;CITED2;F3;DUSP1;KLF7;IGFBP3;ERRFI1;TGFB3;WSB1;ENO2;BGN;PFKFB3;PPARGC1A;FBP1;ZFP36;DDIT4;SLC2A3;BHLHE40;TPBG;CP;NCAN;ZNF292;ADM;NOCT;ANKZF1;ATF3;EDN2;RORA;ALDOB;PPP1R15A;NFIL3"
"HALLMARK_PANCREAS_BETA_CELLS",0.261730769230769,0.436217948717949,0.0363555960049805,-0.42096095631448,-1.13178456265264,40,"INS;PCSK2;IAPP;SST;GCK;CHGA;NKX6-1;G6PC2;PAK3;PAX4;ABCC8;GCG"
"HALLMARK_PEROXISOME",0.292006875805759,0.463498195353034,0.0363865584085132,0.336037601507339,1.07421520054732,103,"TOP2A;ACSL4;PABPC1;FABP6;MSH2;CADM1;ALDH1A1;PRDX5;PEX11B;SLC35B2;ABCD2;ITGB1BP1;FDPS;PRDX1;GNPAT;CDK7;YWHAH;SERPINA6;ECI2;HSD17B11;CLN6;HRAS;ERCC1;FIS1;PEX2;ACOT8;MVP;IDH1;SMARCC1;SLC25A19;TSPO;ABCB9;HSD11B2;ABCD1;BCL10;GSTK1;ECH1;PEX6;RDH11;NUDT19;SLC25A17;IDI1"
"HALLMARK_INFLAMMATORY_RESPONSE",0.296638845025942,0.463498195353034,0.0370845733682492,0.30147011302854,1.05107605974487,200,"GPC3;CXCL11;NPFFR2;CXCL10;CCL20;CCL17;MEP1A;CXCL9;CD70;CCL24;LAMP3;BDKRB1;HRH1;ICAM4;CCL22;TNFRSF9;IL12B;TNFSF15;RTP4;MSR1;CCRL2;EBI3;C3AR1;MMP14;PTAFR;CALCRL;KCNJ2;RIPK2;GNA15;MET;TNFSF9;TNFSF10;LTA;CCL5;SPHK1;CXCR6;CD48;CYBB;ROS1;TACR1;PSEN1;ICOSLG;RHOG;CX3CL1;HBEGF;ADRM1;BTG2;TAPBP;OLR1;IL1A;CMKLR1;P2RX4;LYN;ATP2C1;GNAI3;TNFAIP6;NMI;SRI;SLAMF1;NLRP3;TIMP1;EIF2AK2;BST2;EMP3;MYC;ADORA2B;SLC28A2;IFNGR2;SELENOS;ABI1;NDP;CCL7;ICAM1;CD82;IL18"
"HALLMARK_CHOLESTEROL_HOMEOSTASIS",0.307314992535722,0.465628776569276,0.0351676964978177,0.351952824086492,1.07087255756581,74,"LGALS3;FABP5;TNFRSF12A;LPL;ANXA13;SQLE;TM7SF2;PPARG;S100A11;FDPS;GPX8;TMEM97;PMVK;SCD;ACTG1;LGMN;CYP51A1;CXCL16;CLU;NSDHL;FBXO6;GUSB;CTNNB1;ALCAM;MAL2;GNAI1;ANXA5;ECH1;IDI1;EBP;PCYT2;PLAUR;CD9;FDFT1;JAG1;FADS2;STX5;SREBF2;ACAT2;NIBAN1;FASN;HMGCR;DHCR7"
"HALLMARK_HEME_METABOLISM",0.339019572634225,0.489079337528025,0.0299096226241828,-0.305890531989932,-1.03817400154593,196,"HBD;CA1;SLC4A1;GYPA;EPB42;AHSP;ALAS2;HBB;RHAG;GYPB;NFE2;GATA1;TRIM58;HBQ1;SLC25A37;EPOR;GYPE;HBZ;SPTA1;RHD;FTCD;AQP3;SNCA;RANBP10;KLF1;RBM5;ANK1;MBOAT2;TAL1;TNS1"
"HALLMARK_ESTROGEN_RESPONSE_EARLY",0.346561321601724,0.489079337528025,0.0295056344852086,-0.304621877878157,-1.03599354780058,200,"KRT13;KRT15;ADCY1;KLK10;RET;CCN5;KAZN;NPY1R;CXCL12;KCNK5;PGR;CBFA2T3;RETREG1;FOS;OVOL2;SLC7A2;KCNK15;KRT19;TGM2;SLC1A1;SCNN1A;GFRA1;SLC24A3;SLC7A5;CALB2;AQP3;MLPH;TIAM1;HR;NAV2;ESRP2;OLFML3;BHLHE40;ABAT;TPBG;RAPGEFL1;OLFM1;AR;RAB17;PAPSS2;DLC1;NADSYN1;TFF1;KDM4B;IGFBP4;TFAP2C;TJP3;JAK2;MREG;FHL2;TPD52L1;THSD4;EGR3;MED13L;SYT12;AFF1;CYP26B1"
"HALLMARK_COAGULATION",0.352137123020178,0.489079337528025,0.0327824569051147,0.310810482597968,1.03515974576722,138,"MMP11;MEP1A;MMP1;VWF;MMP10;CTSV;C1QA;APOC2;MMP9;PECAM1;DPP4;CPQ;PDGFB;PLAU;SPARC;S100A1;ITGA2;RABIF;LAMP2;S100A13;MMP14;CTSH;RAC1;GSN;CAPN2;FN1;F13B;LGMN;CLU;F10;COMP;APOC1;C2;PRSS23;TIMP3;LTA4H;WDR1;MSRB2;OLR1"
"HALLMARK_BILE_ACID_METABOLISM",0.433420365535248,0.576121671198072,0.0262233462549181,-0.316566540536663,-1.00541820017662,112,"NR1I2;ABCA9;CYP8B1;ABCA8;CYP39A1;SULT1B1;ACSL1;CYP46A1;AGXT;ALDH8A1;BBOX1;KLF1;AKR1D1;ABCA5;SLC23A2;GNMT;ABCG4;EFHC1;LONP2;AR;ABCA1;SLCO1A2;EPHX2;SLC27A5;NR3C2;TFCP2L1;APOA1;ABCG8;MLYCD;RBP1;PEX11G;ABCA6;CH25H;HSD17B6;ACSL5;RXRA;BMP6;PEX1;HAO1"
"HALLMARK_COMPLEMENT",0.437852470110535,0.576121671198072,0.0294018307530426,0.286530837568487,0.99899025054723,200,"MMP12;CDH13;PHEX;CTSV;LGALS3;PLA2G7;C1QA;C1QC;DPP4;CPQ;CTSS;COL4A2;PDGFB;ATOX1;PSMB9;CD36;RABIF;CTSC;LAMP2;S100A13;MMP14;MMP13;CTSD;SPOCK2;CTSH;CD40LG;LIPA;CD59;CCL5;FN1;F5;HSPA5;PRKCD;GZMA;CALM3;LGMN;PSEN1;CLU;F10;RHOG;APOC1;SRC;C2;DYRK2;LTA4H;GRB2;ERAP2;APOBEC3F;PRCP;OLR1;APOBEC3G;LYN;GNGT2;ADAM9;PPP4C;GMFB;GNAI3;GPD2;FCER1G;ANXA5;CTSB;TIMP1;F2;KIF2A;PLAT"
"HALLMARK_SPERMATOGENESIS",0.47846182288778,0.613412593445871,0.0244185852880466,-0.303528820864415,-0.985282787088585,134,"PRM2;TNP1;CFTR;GRM8;TNNI3;NPY5R;POMC;CRISP2;CCNA1;ODF1;AKAP4;GAPDHS;SYCP1;ZPBP;ART3;ACTL7B;GSG1;MEP1B;DDX25;HBZ;TEKT2;ZNRF4;NOS1;PCSK4;SNAP91;TSSK2;CAMK4;LPIN1;DNAJB8;IL13RA2;TULP2;ADAD1;DDX4;SPATA6;H1-6;ZC3H14;YBX2;ACRBP;PCSK1N;ADCYAP1;PDHA2;ZC2HC1C;TNP2;SEPTIN4;MAST2;SPMAP2;SCG5;PGK2;TKTL1;PAPOLB;PHKG2"
"HALLMARK_IL6_JAK_STAT3_SIGNALING",0.526571067060312,0.65821383382539,0.0250117630398711,0.307517120619581,0.962541803595914,87,"CXCL11;CXCL10;CXCL9;CRLF2;IL3RA;LTB;TNFRSF12A;CD36;TNFRSF21;EBI3;STAT1;ACVRL1;IL2RA;DNTT;HAX1;IL2RG;CCR1"
"HALLMARK_FATTY_ACID_METABOLISM",0.540451293340671,0.65908694309838,0.0223271183515722,-0.291211749058134,-0.964482990471681,158,"BMPR1B;HAO2;XIST;ACADL;CEL;RDH16;CIDEA;INMT;HPGD;GAPDHS;ENO3;AADAT;CD1D;G0S2;TDO2;ACSL1;CYP1A1;ACADVL;CYP4A22;ADH7;ENO2;AQP7;ACSM3;GPD1;CYP4A11;ACADS;VNN1;GABARAPL1;ETFDH;GSTZ1;CPOX;MGLL;HSD17B7;PTS;FABP1;PPARA;D2HGDH;CA2;ACAA1;FABP2;ACAA2;BCKDHB;MLYCD"
"HALLMARK_TNFA_SIGNALING_VIA_NFKB",0.579707528434735,0.690128010041352,0.0209803258667237,-0.281686052045865,-0.956642545592642,199,"CXCL2;PTGS2;SERPINB2;CXCL6;CCN1;FOS;CCNL1;G0S2;GEM;VEGFA;NR4A1;BCL6;NFAT5;BCL3;GCH1;F3;CXCL3;TLR2;DUSP1;NAMPT;PER1;RCAN1;GFPT2;PFKFB3;NR4A2;SIK1;SOCS3;MXD1;CD69;GADD45B;ZFP36;SLC2A3;BHLHE40;KDM6B;BCL2A1;PTX3;ABCA1;ZC3H12A;ATF3;JUNB;PPP1R15A;NFIL3;ID2;ETS2;SGK1;CEBPD;REL;TRIP10;SERPINE1;MAP3K8;PNRC1;CEBPB;MAP2K3;CXCL1;EGR3;DUSP2;SAT1;IL6;JUN;INHBA;CCL2;NR4A3;IL1B;EGR1;TRAF1;PLK2"
"HALLMARK_ANGIOGENESIS",0.607290803645402,0.706152097262095,0.022402563681916,0.342168026343458,0.912001930059097,36,"SPP1;STC1;MSX1;LPL;TNFRSF21;PDGFA;LRPAP1;JAG2;S100A4;PTK2;COL5A2;POSTN;SERPINA5;ITGAV;NRP1;SLCO2A1;OLR1"
"HALLMARK_ESTROGEN_RESPONSE_LATE",0.702460046687017,0.798250053053429,0.0179996889328276,-0.269758349267142,-0.917425600724176,200,"KRT13;CXCL14;TH;KLK11;KLK10;RET;PCP4;CCN5;CCNA1;NPY1R;S100A9;CXCL12;GJB3;KCNK5;PGR;PRKAR2B;FOS;OVOL2;KRT19;DNAJC12;ASCL1;SCNN1A;SLC24A3;SERPINA3;SLC7A5;TPSAB1;PLXNB1;PKP3;TIAM1;ZFP36;HR;TRIM29;TPBG;RAPGEFL1;OLFM1;CACNA2D2"
"HALLMARK_APICAL_SURFACE",0.791295938104449,0.879217709004943,0.0173408037041483,-0.301553567999949,-0.821257726795171,44,"SRPX;PKHD1;GAS1;RHCG;MAL;CROCC;SCUBE1;NTNG1;CD160;EFNA5;AKAP7;CRYBG1;IL2RB;GATA3;PCSK9;SULF2"
"HALLMARK_HEDGEHOG_SIGNALING",0.831465017394666,0.903766323255071,0.0166055416078351,-0.297278397637536,-0.78259435831277,36,"CNTFR;L1CAM;VEGFA;NKX6-1;SLIT1;ETS2;PLG;UNC5C;SHH;VLDLR;TLE3;PTCH1;CRMP1;ACHE;HEY2"
"HALLMARK_NOTCH_SIGNALING",0.963268675196038,0.998124609293603,0.0154208143584264,0.256758983343087,0.668630187465419,32,"NOTCH3;PSENEN;LFNG;PSEN2;APH1A;RBX1;SKP1;FZD7;MAML2;ARRB1;CUL1;JAG1;HEYL;PRKCA;FBXW11;SAP30;DTX2"
"HALLMARK_UV_RESPONSE_DN",0.99094771845557,0.998124609293603,0.0134139933340254,-0.227910887130321,-0.745704757125423,144,"MT1E;PRKAR2B;CCN1;AMPH;LPAR1;CITED2;KCNMA1;F3;DUSP1;ID1;TENT4A;BHLHE40;MTA1;RND3;CACNA1A;SYNE1;SMAD7;FBLN5;MGLL;DLC1;CELF2;PRDM2;WDR37;SCN8A;PTPN21;SERPINE1;TGFBR3;IGFBP5;PTGFR;VLDLR;PIK3CD;BCKDHB;ITGB3;RBPMS;FHL2;ADGRL2;PRKCE;BDNF;RASA2"
"HALLMARK_ANDROGEN_RESPONSE",0.991269165247019,0.998124609293603,0.0154611445442712,0.227288186336819,0.726068489749195,101,"STK39;ABCC4;CENPN;TMEM50A;SLC26A2;SMS;RAB4A;SPDEF;KRT8;SCD;XRCC6;B2M;PA2G4;MYL12A;H1-0;GPD1L;PLPP1;TPD52;ITGAV;VAPA;ANKH;ADRM1;PMEPA1;NDRG1;UBE2I;GNAI3;XRCC5;RRP12;RPS6KA3;INPP4B;GSR;HERC3;CCND3;IDI1;ACSL3;SELENOP;UBE2J1;TNFAIP8;DHCR24"
"HALLMARK_TGF_BETA_SIGNALING",0.998124609293603,0.998124609293603,0.0150480119803521,0.214321844360866,0.619374233381431,54,"LTBP2;RHOA;FKBP1A;PPP1CA;BMP2;CTNNB1;PMEPA1;RAB31;TGFB1;CDH1;IFNGR2;BCAR3;WWTR1;BMPR1A;TGFBR1;ACVR1;TGIF1;HDAC1;SMURF2;SMURF1;SPTBN1;TJP1"
