sample	group	Angio_EMT	Collagen	Glycoprotein	Integrin	Laminin	MMP	TIMP	uPA_system
TCGA-G3-A3CH-11	Adjacent	-0.376624399232024	-0.50638311448937	-0.0143627491957187	-0.748091551169256	-0.481699624836369	-0.328378080286692	-0.196804323345592	-0.704405230985419
TCGA-DD-AAW0-01	Tumor	0.534367136908111	1.39917614995362	0.692163157207537	0.673267632720962	0.486233603618185	0.556488056724488	0.906905451672921	1.01272380741282
TCGA-RC-A7SH-01	Tumor	0.243247327819552	0.324591262821394	-0.629299518928668	-0.0954237818602846	-0.0790478074395361	0.38160348438731	-0.330246262821061	0.13335320396448
TCGA-DD-AACA-01	Tumor	0.234672665202688	0.236091642824129	-0.0204003454975082	0.87097575391324	-0.331150855952606	0.0826269254526585	-0.0235774467766508	-0.394868255945464
TCGA-DD-A3A6-11	Adjacent	-1.6123280206824	-1.92348583607068	-0.508470291367605	-2.33480183907446	-1.10176968655923	-1.1579419954565	-1.32273487335306	-1.50735896865576
TCGA-K7-AAU7-01	Tumor	1.31157670435634	1.71352443953688	1.42118996491867	1.67954153950604	1.03580007141417	1.80889439179284	1.13530073746812	1.62586049333642
GTEX-WZTO-0626-SM-4PQYY	Normal	-0.485035194458956	-1.15532424700736	-1.22569169648147	-1.18255995656945	-0.781827139916726	-0.472317555552417	-1.46271665617804	-1.57761669638093
TCGA-DD-A3A5-11	Adjacent	-1.20432041706308	-1.42962512773251	-0.159056750070958	-1.39506454984202	-0.867319497495279	-0.930478129937271	-0.92342952673875	-0.300966155451033
TCGA-RC-A7SB-01	Tumor	-0.859022956818743	-0.310517295330226	-0.0943126567186614	-0.0465529419795946	-0.133837067605164	0.233002726185822	-0.476025871953606	-0.190943064248457
TCGA-DD-A11A-11	Adjacent	-0.14694093765845	-0.321808287083961	-0.181602220072153	-0.30965340213751	-0.492584589568938	-0.0683860457850807	0.144191944502095	0.680314721757525
TCGA-CC-A7IF-01	Tumor	0.16135168900072	0.0275163760798437	-0.999293114047092	-0.267417472578198	0.178670490908118	-0.160368632310163	0.277100540892983	-0.830631012288652
TCGA-DD-AAVZ-01	Tumor	0.0364427240447178	0.174983683574088	0.291143801959782	0.226946631853109	0.393161391186048	-0.235001748693043	0.171568542750123	-0.683043580197526
TCGA-DD-A116-11	Adjacent	-0.665692297216007	-0.702890225061508	-0.201768825785569	-0.877170745541048	-0.526273940007521	-0.0925301196463407	-0.498802309626532	-0.906221282428852
TCGA-ED-A627-01	Tumor	1.0559287083034	2.10451089145934	0.721867690512471	0.946615562170001	0.951478361994365	0.579293199268224	1.33256396691799	1.50164646211342
TCGA-DD-AAVV-01	Tumor	0.508469974191117	0.997070264079722	0.0790701610724068	0.930153189952607	0.479813218814137	0.734761249860127	0.477770585814574	0.812983091427921
TCGA-BC-4073-01	Tumor	1.02087153390722	0.86511110405187	0.70469334574696	2.03688620986977	0.49381990930733	1.64217601830708	0.764121291152882	1.90125888114502
TCGA-QA-A7B7-01	Tumor	-0.488770968969887	0.279368175912894	-0.5681015050845	0.738896291110411	-0.00531586635976974	-0.000660268062950321	-1.1434915146468	-0.542742330061718
TCGA-BC-A10X-01	Tumor	0.3882154317674	1.09325130590484	0.773602381686834	0.162664453473701	0.181349056185409	0.350736976420082	0.578246962535228	0.834418762524397
GTEX-12WSM-0726-SM-5GCOW	Normal	-0.75866000598803	-0.400334939329237	-0.783771162488226	-1.06291380606381	-0.190662195405328	-0.544406106523274	-0.0747791887576563	-1.36784533121161
TCGA-DD-A114-11	Adjacent	0.104719966953863	0.143625295938412	0.154062381847539	0.250737131995042	-0.0803353987762637	-0.00446897285461804	0.119808933529018	0.313686914430157
TCGA-DD-A1EG-11	Adjacent	-0.427829623715643	-0.962627151479041	-0.127524510148453	-1.45629482027693	-0.903481043629923	-0.162084645441302	-0.204293689238898	0.618310445597164
GTEX-12WSI-0226-SM-5GCNA	Normal	0.332643920570014	0.639859167869003	-0.121120167411569	-0.379089961332386	0.233689264576326	-0.159120583352438	0.637431694497574	-0.238011629983116
GTEX-12696-0826-SM-5EGGE	Normal	-0.847316342203802	-0.98236590138287	-1.05733909968	-1.13994631538778	-1.2861092379246	-0.486967933542725	-0.0036850538372851	-1.27597001764095
TCGA-G3-A6UC-01	Tumor	-0.177952698992616	-1.31761907853633	-0.675347106493144	-0.184243486830525	-0.457641554058993	-1.13142724114466	-0.798572017002215	-0.414337869474109
TCGA-BD-A3ER-01	Tumor	0.267908953772749	1.00250606223432	1.18758867389246	0.262955722909229	0.075568623246562	0.489279340919564	0.440198020389851	0.945134779853434
GTEX-1212Z-0226-SM-59HLF	Normal	-0.174290546454755	-0.695453019855868	-0.186346120889464	-0.849886603815711	-0.29067518218661	-0.487646610457686	-0.477722739631789	0.171822901182188
TCGA-DD-AACT-01	Tumor	-0.00718206700760734	0.507651547467384	-0.203435480600777	-0.271057480670811	0.193845358118466	-0.243644063228084	-0.0781172964271411	-0.279167476338151
TCGA-CC-A3MB-01	Tumor	0.257005737048209	0.554546246913707	0.013266898249322	1.33434387686788	-0.124931896192718	0.505750332498519	-0.534785862447825	0.760519916263241
TCGA-DD-A39V-01	Tumor	-1.53515064928974	-1.08798573300288	0.174983071273537	-1.05042007731834	-0.159840639431438	-0.224249958824766	-0.307947374438833	-0.858028321028438
TCGA-EP-A3RK-01	Tumor	-0.37981662044783	0.330988517318881	0.979102056659348	0.340040676625847	0.0890348660001573	0.521671571339903	0.33123179834336	0.279115084766123
TCGA-DD-A73B-01	Tumor	-0.405137824005057	-0.755992880907333	-0.926943186080914	0.209517843384811	-0.436579576421705	-0.582996831143217	-0.657099537615946	-0.239685395947252
TCGA-DD-AACS-01	Tumor	0.00838637584730602	-0.187115719745358	0.0244331049873419	0.797026982919171	0.239350081286234	-0.241888714335249	-0.509209373938543	-0.0012908728771665
GTEX-ZYT6-0626-SM-5E45V	Normal	-0.708118554420692	-0.962227811238374	-0.841974365446277	-1.44261743108188	-0.432392572969851	-0.763899488302468	-0.817215452855016	-1.67780612331528
TCGA-DD-A4NK-01	Tumor	-0.17716687665783	0.0254809810747473	-0.772894974033681	-0.210451363635831	-0.0241953258003895	-0.139587000374974	0.0208594415191031	-0.51823481068592
TCGA-CC-5261-01	Tumor	1.52433179834606	2.07770013464414	0.802601623425725	1.64294912373414	1.56853187082107	1.11841662239877	1.23780315397299	1.21167354057363
TCGA-G3-A5SJ-01	Tumor	0.774082660938976	0.490190808407764	1.22199312531443	1.31436883430666	0.31703539356975	1.12396105899873	0.590552826549177	1.23738344416017
TCGA-DD-AACX-01	Tumor	-0.446671921571913	-1.36522727063628	0.673313889350132	0.36075269361059	-0.462945697167328	-0.775495587355132	-0.091404569809074	-0.397390726668484
TCGA-DD-A1EI-01	Tumor	1.06420695104989	1.07362771944592	0.943184813512836	1.43508701907785	0.641964871723264	0.88703906421912	0.94455624812469	0.819846730386733
TCGA-BC-A5W4-01	Tumor	-1.32449556371144	-1.64954134556454	-0.968955817586626	-0.819108876545979	-0.719855397449591	-0.418978950992312	-1.8087680688334	-0.672150237760153
TCGA-CC-A7IH-01	Tumor	-0.384759742199682	0.122417564668903	-0.812685098204724	0.224434708022073	-0.0990554903465455	-0.337378445487355	-0.280276440934933	-1.12862571429182
TCGA-BD-A3EP-11	Adjacent	0.201308675333794	-0.252890042061668	0.590648895598644	-0.467131894019569	-0.306393922327711	0.0627815908573795	-0.0223424297782877	1.1606575524061
TCGA-WJ-A86L-01	Tumor	-0.515698850783124	-0.794893821798613	-0.861818743652033	0.649367556110416	-0.557425720460635	-0.205942414875687	-0.60031678856063	-0.00793295788028332
TCGA-EP-A2KC-01	Tumor	-0.30004132837329	-0.0121311234438189	0.478826185272448	0.259397315788455	-0.0441207385283819	0.249165564400288	-0.240141224160756	-0.242950724546758
TCGA-CC-A7IL-01	Tumor	-0.976172462499921	-1.65358716549608	-0.148216151289454	-0.427717015288292	-1.19026178617129	-0.741861907494532	0.112387491731016	-0.779636760949982
GTEX-T6MN-1226-SM-3NMA5	Normal	-0.0427990948835751	-0.368266446119526	-0.409642317326151	-0.890444482421932	-0.0287818168961695	-0.239404076641781	-0.541419787830407	-0.105087831005423
TCGA-DD-A4NS-01	Tumor	1.10246520230729	2.22735165298365	1.21712451953188	0.980057365179578	1.09913875797614	0.948438009037321	1.50775239404257	1.61664247297042
TCGA-DD-AADI-01	Tumor	-0.618052400604661	0.447723523194438	-0.388237600834511	-0.385135640669623	0.600330217404453	0.229546406400389	0.347474504277836	-0.166066802642608
TCGA-CC-A7IG-01	Tumor	0.276498406956118	0.213138222920432	-0.443916375082423	-0.0464263911761857	0.296416812186076	0.893421769240137	0.776787415165614	0.420429246707496
TCGA-DD-A11B-11	Adjacent	-0.183142314651942	-0.0884662173802872	0.245686746425619	-0.484131088880917	-0.182041268793515	-0.176323492463229	0.0698876188163488	-0.0754664797610716
TCGA-ES-A2HT-11	Adjacent	0.0861709656255917	-0.160257426814076	0.20944420572601	0.054063731238925	-0.325828458258217	0.199833953639997	0.235534570067894	0.296170142092149
TCGA-CC-5262-01	Tumor	0.327964126083403	1.35062191166947	1.23258294181558	0.854026398240457	0.642410490939071	0.959343802321925	0.78298167224712	1.00028230303103
TCGA-5R-AA1C-01	Tumor	-1.17672890397203	-1.23804570536517	0.0704300712036539	0.447776316462026	-0.646240468603668	-0.477709856285381	-0.500375919700919	-0.394599336334349
TCGA-G3-AAV1-01	Tumor	0.0361289038830413	0.347220809793576	1.00524177493604	0.829089041979742	0.159171511213471	0.463356346342609	-0.171296472900588	-0.0799013027363027
GTEX-11DXZ-0126-SM-5EGGY	Normal	-0.270114616531725	-0.0847172486720513	-0.513937153519922	-0.755790836607866	-0.238149666210922	-0.411132793466601	0.0742001569553225	-1.29866309242156
TCGA-DD-AAD2-01	Tumor	0.598025251750948	1.71472127677887	1.15327601013813	0.468022367290869	0.466973771115453	0.832463859841182	0.559970809445574	0.918619576666255
TCGA-CC-A9FU-01	Tumor	-0.272523141661024	-0.760875607892203	-0.22173331571943	0.451426496029132	0.328984499158397	-0.00443337710049608	-0.581382631943708	-0.0502931484348359
TCGA-CC-5258-01	Tumor	0.429018016710686	0.821156526686066	0.860725131921652	1.37338561131963	1.17624529374629	0.525779665341896	0.131201715282743	0.492828284455002
TCGA-ZP-A9D2-01	Tumor	1.32090107346236	1.44842225400306	1.46932177691734	2.39190464562953	1.85640782741626	0.855439090808098	1.61324339269	0.626506571774155
TCGA-RC-A7S9-01	Tumor	0.190585566487231	-1.1836136623624	-0.813067518927722	-0.480661267156962	-0.501983767682253	0.0891436939355338	-1.03360053728414	-0.738011986181173
GTEX-11UD2-1626-SM-5EQM3	Normal	0.966944077271274	0.754309565696476	0.346600987631423	0.619200266505868	0.517161689345802	0.94821026077058	1.24276113441197	2.13029476682289
TCGA-DD-AA3A-01	Tumor	1.53930926574241	0.594498438985182	0.734502265028032	1.59143879569164	2.41479740594892	0.659685673504224	0.679955169587944	0.574794583140581
GTEX-147F4-1426-SM-5LUA8	Normal	0.199896982584507	0.031352104369868	-0.31780501977162	-0.747372430008795	-0.350511836031955	-0.39814589504828	0.143319590173195	-0.186909045877249
TCGA-WX-AA46-01	Tumor	-0.334114807466723	-0.474440443101766	0.45600837160319	-0.629048213297783	-0.502801716440669	-1.05877301648642	0.341875374758167	0.204238545432675
TCGA-EP-A3RK-11	Adjacent	-0.688449596002393	-0.650470089977132	-0.198684736182584	-1.05326362155899	-0.772125472710749	-0.664778103464589	-0.464628698553245	-0.262863479571036
TCGA-DD-A3A6-01	Tumor	0.19427338001314	1.5347107443264	-1.23293544124568	-0.44653347651683	2.18831938531928	0.261978647530661	2.19293594056691	0.614627759826366
GTEX-144GM-1326-SM-5LU5E	Normal	-0.404627863992342	-0.663418118669329	-0.00516450379750836	-0.0148188200174077	-0.720990242329412	-0.267640682072942	-1.22873352959986	0.298165216950977
TCGA-BC-A69H-01	Tumor	0.112684967051443	-0.221563376232545	-0.223517170548295	-0.763697113277935	-0.0783705396369383	0.416202048754394	0.373723945673608	0.299436415672491
GTEX-13N11-0926-SM-5IJG2	Normal	-0.0614583944682815	-0.222667612315068	-0.866253334333296	-0.186678698695572	0.182986994418548	-0.0407880505804466	-0.0650017977854913	-0.40559943111004
TCGA-G3-A7M6-01	Tumor	1.72399677296364	1.00516606137502	0.857913373911269	1.72504330937879	1.81024284109481	1.0328256918465	0.965945040475341	0.675765444599558
GTEX-12ZZZ-1326-SM-59HKW	Normal	-1.29458992162699	-1.16431304764409	-1.73220533261345	-2.48895171087618	-1.11488841872712	-0.986687425270764	-1.19174395306549	-1.93161649813645
GTEX-RNOR-1426-SM-48FDJ	Normal	-0.113447173669632	-0.227168272436276	-0.946331204582647	-1.07798954366751	0.0203233135626679	-0.233610835088105	-0.423329354862187	-0.832281360102302
TCGA-DD-A1EH-11	Adjacent	-0.628605220847229	-0.666012309748559	0.349626217328466	-1.19087571192463	-0.440828193298977	-0.963104646177787	-0.376592989750512	-0.255798213934752
TCGA-DD-A39Y-01	Tumor	-0.387099951221791	-0.400560742875213	1.00139762391719	-0.0736069279940712	0.470134728398429	0.231716407960256	-0.499532992962884	-0.419678161896461
GTEX-WFON-1726-SM-4LVMQ	Normal	-0.341584052692946	-0.174087963465046	-0.369121943193529	-0.494029846642957	0.177257369100201	-0.359395532592374	0.347191423608138	-0.86531894077168
GTEX-VUSG-0126-SM-4KL1X	Normal	0.0986882872417424	-0.530623347453732	0.0476702198143	-0.343683652807545	-0.468956783073774	-0.254776970767686	-0.344170000778037	-0.0852331846662348
TCGA-ZS-A9CE-01	Tumor	-0.601070201035329	-0.822150125522517	-0.513875065058377	-0.920047548115058	-0.73775789832994	-0.889241336326878	-1.07983609414172	-1.42295574903871
TCGA-G3-A5SL-01	Tumor	-0.41404440146123	-0.120874406206326	0.188126121344306	0.481880976614874	0.130348599037967	-0.239670432477125	0.168261028983734	-0.509491969810863
TCGA-2Y-A9H1-01	Tumor	-1.05709330971667	-1.50174628293194	8.46419146551698e-05	-1.65696422531984	-1.52435832769008	-0.284926736791381	-0.782502637191211	-1.35187251416199
TCGA-ED-A7PZ-01	Tumor	0.0781025882842552	0.0650240211539975	-0.506310870305738	-0.572305904271798	0.274801345838329	0.246763977168615	-1.19843469221932	-0.234235743256455
TCGA-G3-AAV0-01	Tumor	-0.634391066792856	-0.825557257455456	-1.55221229862455	-1.28513676732426	-1.5984122446585	-1.03225100214695	-0.741717984567564	-0.753680027959036
TCGA-DD-AAD8-01	Tumor	0.192047583742618	0.476635310657747	0.21968822270835	-0.124707285097179	-0.38226293816524	-0.0955026120240228	-0.203103772057129	0.455573469466285
TCGA-DD-A113-11	Adjacent	-0.439437397428875	-0.58981106214476	0.403245105027135	-0.874610088373378	-0.234883109032882	-0.349577803564746	-0.490937906830771	0.25101601486888
TCGA-DD-AADO-01	Tumor	-0.835969479901645	-1.49885339488215	-0.384290042710933	-1.45434722162404	-0.144520051301176	-0.406532438792498	-0.983304369623748	0.00120775278629721
TCGA-G3-A3CJ-01	Tumor	-2.33259555601737	-0.809640803612271	-1.28320605984918	-1.44478472902045	-0.993149001748739	-0.724026776235532	-0.416325571191014	-0.43966782371653
GTEX-11ZUS-2526-SM-59872	Normal	-0.665454125726216	-1.11238681428037	-1.57668752561783	-1.81281383441666	-0.855976171220921	-0.891597636616692	-1.37866280859151	-1.46076512493883
TCGA-DD-A11D-01	Tumor	0.205684569775962	0.342361917825195	0.111326626401301	0.900365690253733	-0.111228405603857	-0.0311793746001185	0.291168811643384	0.568516174074907
TCGA-DD-AACK-01	Tumor	0.139615676102497	0.0191844002501552	1.42457621340447	0.776237909733905	-0.0154693670909461	0.262258386580494	-0.452078786239024	0.575322847851346
TCGA-DD-A118-01	Tumor	0.762536492858092	1.19658147408279	0.371855295052588	0.315456373036758	0.497155318780341	0.132267634516164	0.344079811834318	-0.303837039650355
TCGA-G3-AAV7-01	Tumor	1.1669072001693	1.03808079662853	0.770398929723214	1.61215827561239	1.75807515643105	1.55540467880468	1.1182091636961	1.64321446606237
TCGA-DD-A4NI-01	Tumor	-0.542718028273036	-0.0821010691666745	-0.0877195944603546	-0.0780675724680089	-0.163964609167419	-0.0878577087873143	0.0236794764498477	-0.0905950101958255
TCGA-DD-AADL-01	Tumor	-0.158729061103745	-0.397671061432309	-0.0964771959332742	0.577066945974585	-0.0413476380825341	0.15414223644051	-0.847700800552223	-0.251464716464459
GTEX-QEG4-1826-SM-4R1JN	Normal	-0.179949299010401	-0.953969216491937	-1.11889244395906	-0.935752635348358	-0.579273734371259	-0.922492032206547	-1.42652301947272	-1.42857630378313
TCGA-CC-A5UD-01	Tumor	0.451523936518634	0.00033125082007518	0.696996427244881	1.73575354327589	0.404203791172735	0.494414710686518	-0.234975063424482	-0.0319577263908624
TCGA-DD-AAE6-01	Tumor	-0.875907570901098	-1.48973596234732	-1.63874662198206	-0.935898701253534	-0.897547788697139	-0.757701064335402	-0.410645959662034	-1.12887263751988
GTEX-YB5E-0326-SM-5IFHU	Normal	0.392682702071325	0.932191224317188	0.750508918213313	0.450737622668067	0.0796292281731759	0.348573241508937	1.08657416885271	1.23620345909095
TCGA-DD-A116-01	Tumor	-0.839224009533913	-0.160439931074017	-0.0905431610781298	-0.331968691333328	-0.335923338093239	0.0583626051437976	0.227613106853826	-0.811884275911568
TCGA-HP-A5N0-01	Tumor	0.821517381804733	1.07446642283563	-0.613557432143978	0.572587904054128	0.125920371871219	-0.303001966905975	0.837337579128255	-0.123620658252309
TCGA-ED-A97K-01	Tumor	1.34603184738035	1.99517210642815	1.00676854196316	1.49657842452919	0.743235556962762	2.0078501331505	1.21569446660608	2.0323956550214
GTEX-O5YT-0826-SM-3TW8N	Normal	0.899634803223631	2.08135362834006	1.07830805144427	1.58351353935944	1.37302243522893	1.46525539730853	1.33300208593546	2.00504176350269
TCGA-EP-A2KA-01	Tumor	0.645755959580066	-0.137238920229508	0.232902405769014	0.0558565727786698	-0.50812606737036	0.272527561750823	-0.207387132616494	0.120519307101618
TCGA-DD-AAE2-01	Tumor	0.195756137686528	0.644888607134038	-0.47755009436471	0.0718663673704046	-0.336404120141464	0.303569497634276	-0.114266138918163	0.222747308089279
GTEX-11TUW-1726-SM-5BC5C	Normal	0.0455932966980359	-0.556420340492575	-0.11424036790787	0.0905265255678644	-0.718961438265487	0.101279760786921	-0.385882605631399	1.21134561656179
TCGA-CC-A7IE-01	Tumor	0.243143882648	0.381607402862171	0.587200534901885	0.00388698973633096	0.662544375796736	0.434083286293876	-0.213039257111559	0.608442227519163
TCGA-G3-AAV5-01	Tumor	-1.35532324891324	-1.12995125808351	0.785454722954956	-0.248548449791079	-0.333253797336041	-0.276730281478947	-0.686738096808426	-0.433841156007012
TCGA-4R-AA8I-01	Tumor	0.449303794464118	-0.0418402129273079	0.207820174320749	0.421790263308587	0.21854353499429	0.515926315272893	0.24583742921037	0.0786292958443549
TCGA-DD-A3A8-11	Adjacent	-0.691937684136305	-0.549226530967278	-0.316307061025468	-1.37092083912795	-0.699131237501666	-0.706642934150141	-0.269885982741514	-0.0988893501281371
TCGA-ED-A7PX-01	Tumor	1.08152969359369	1.94981791199173	0.54784454976648	1.73261222669081	1.50619554339165	1.08468336888128	1.19743609895601	1.20053050684774
TCGA-DD-A115-01	Tumor	0.165448825818327	1.04258917906551	-0.0831731830830175	0.380656067861122	0.178376213483484	0.616038340794484	0.2784069101819	0.389290722742159
GTEX-11EQ9-0526-SM-5A5JZ	Normal	0.116727417814062	0.300503818312738	-0.264367077378638	-0.250614985480496	0.183597362508553	-0.196692707611558	0.811472542769065	-0.257604872076782
TCGA-DD-AAD5-01	Tumor	0.976623995688198	-0.243504643800096	0.622576208853989	0.741606814407042	0.294200273402385	0.996335567918753	0.187839636083117	0.312289410556819
TCGA-CC-A5UC-01	Tumor	-0.116281031567021	0.751348945311057	0.345034168154183	0.293431347048969	0.759614622435819	0.612585013134486	0.0775621006067719	0.326670502710885
GTEX-UPIC-0926-SM-4IHLV	Normal	-0.294118416212847	-0.489459564224085	-0.835735550991485	-0.756151104042635	-0.600373058115863	-0.46869067001795	-0.464962446101686	-1.13987072078959
GTEX-ZVT4-0626-SM-5E45T	Normal	-0.373408909802443	-0.426864500367472	0.149965448622502	-0.485852963135495	0.0138063600633211	-0.323323649047675	0.0207577365826505	0.297589100151762
TCGA-MI-A75C-01	Tumor	-0.3561914740349	-1.3308067193751	0.420681531614758	-0.565061533485714	-0.798674893867385	-0.170124187047765	-1.25046718576718	0.0669735829264995
TCGA-DD-A3A1-01	Tumor	-0.573384178153416	-1.83048673978037	0.930489468964146	-0.338563560970244	-0.954481070595325	-0.468623037405484	-0.763850446503378	0.308581198167024
GTEX-13NZ9-1326-SM-5MR3V	Normal	-0.16739481645579	-0.719995822994002	-0.715487520161668	0.280093367291195	-0.242751271311096	-0.415668270908085	-0.428815973886291	-0.335423822199712
TCGA-ZS-A9CD-01	Tumor	0.151678310248752	0.605109396380968	0.778174939685818	0.330588947040886	0.232906251271364	0.200742687983227	0.422849652032496	0.237536043693367
TCGA-NI-A8LF-01	Tumor	0.0917316426579447	0.557113768632167	0.0399186180719057	0.433740723191576	0.029628382869996	0.000965394176889892	0.581217759381017	-0.0767738005885125
GTEX-139UC-1426-SM-5IJGH	Normal	-0.376522171942779	-0.571024014759141	-1.07080920479778	-0.979319591233031	-0.986110799713548	-0.806570340128508	-0.395489814288891	-0.26566191428407
GTEX-12KS4-1326-SM-5LUB3	Normal	0.0336361338926576	0.106060227271504	0.152388002188063	-0.503069925027088	0.0646466862913803	-0.300767757955374	0.391089913053593	0.284255298894668
TCGA-G3-A3CK-01	Tumor	-0.761924895354639	-0.430615009814612	0.856848079938779	-0.0982251170265265	-0.505728100854002	0.0639760891532076	-0.313731741708539	-0.195995947917851
TCGA-G3-A25Z-01	Tumor	-0.362076490003046	-0.138715615865199	0.540098116764417	-0.102872161839178	-0.469167902668011	-0.0186962128083702	0.068003790200954	0.0833223848973683
TCGA-BC-A10U-11	Adjacent	0.104886122255369	-0.169003199241771	0.542437068531218	-0.191563961602057	-0.207804141467799	0.193696724856657	0.182312601019521	0.814298306730296
TCGA-BC-A217-01	Tumor	-0.370940887118722	-0.579742961232857	-0.0715340172190104	0.17302229110398	-0.736270729144926	0.555975365178067	-0.300401887680891	0.124781939534719
GTEX-14753-1626-SM-5NQ9L	Normal	-0.774672543533058	-1.13570642218753	-0.782014462813125	-1.21609160510466	-1.59853303644103	-0.713088534668488	-0.557294098467662	-0.709760739173297
TCGA-DD-A3A9-01	Tumor	0.588049816495849	1.01650327388509	-0.0933646551230809	0.376185454246435	0.409393019109233	0.609065944189946	0.723541697296218	0.426238724133885
TCGA-DD-A119-01	Tumor	-0.441905229741519	0.235506133221581	0.123106730908916	-1.05319027782767	-0.19384152004851	0.318282628571602	0.346157785774764	-0.405491533873055
TCGA-G3-A25V-01	Tumor	0.173014805263106	0.656957830855029	0.966087500626715	0.148235505902825	-0.128535689807725	0.545659065580233	0.490505008821788	0.674953111425876
TCGA-DD-AACI-01	Tumor	-0.20287402281768	-0.0420861442458553	-0.235301639010525	-0.403460256270507	-0.305947631619282	-0.0452882333556685	-0.234027190810136	0.0305280878942854
GTEX-11WQC-0726-SM-5EQMR	Normal	0.138741499501968	-0.135186837990911	-0.147048390585765	-0.494069108577356	0.133882363099603	-0.266411811098505	-0.226502737321487	-0.807273416314171
TCGA-UB-A7MB-01	Tumor	-0.124976806283202	-0.312187460425966	0.0710394135865226	0.53065685005541	0.647504470302345	-0.304688324249436	0.117609005573287	-0.299613221359451
TCGA-DD-A3A2-11	Adjacent	-0.653037223844491	-0.876753543721801	-0.446403090966253	-1.20245044602988	-0.439433455559513	-0.829929047758042	-0.281073428959836	-0.460784036524572
TCGA-BC-A10W-11	Adjacent	-0.172348329167501	-0.195208142799069	0.537496709748027	-0.573498857056329	-0.37053451498143	0.113957877078515	0.0363913794910666	0.581319728266453
TCGA-DD-AAVR-01	Tumor	0.617128985512683	0.952941480092035	0.291094431201159	-0.119776902169358	0.58507422924919	0.152219741775072	0.725409842550193	0.353541834844215
TCGA-BC-A10Y-11	Adjacent	-0.0449828130704501	-0.217167586523899	0.47012703360558	-0.486207919846333	-0.20013945338095	0.0791908519739325	0.480046407312219	0.74954120648179
TCGA-2Y-A9GX-01	Tumor	0.808710064853775	1.94426188690864	1.73622693623523	1.20114092409756	0.843955113768858	1.31644746598096	1.19585753939783	1.53472074409681
TCGA-DD-AADQ-01	Tumor	-0.419748790630551	-0.829409003897056	-0.74044712676124	-0.722233785325156	-1.23133055505471	-0.637722616416065	-1.88292712623751	-1.08179290294496
TCGA-BC-A69I-01	Tumor	-0.520095978962659	0.250958373253146	-0.0644834949345082	-0.321792748012896	0.353696655578651	-0.296104946684103	0.760980235141009	0.3384761557579
TCGA-UB-AA0V-01	Tumor	0.433550384093422	0.798338467103215	0.556643481712108	0.126613292680103	0.480222647040326	-0.0389539193173426	0.704514266228649	0.598703735507441
GTEX-X4XY-1626-SM-46MVN	Normal	-0.387961776209075	-0.620500691544779	-0.619972877591725	0.225505348491725	-0.961730015082229	-0.0866834831321933	-0.657341840941457	-0.11682097897516
TCGA-ED-A7XP-01	Tumor	0.0490445654709908	0.870859393590271	0.786367411661164	0.748801190496042	0.38673414867255	0.485823005851853	0.199055255566099	-0.255665020630981
GTEX-13PVR-0126-SM-5S2PY	Normal	-0.569759933131918	-0.933722545284626	-0.740181720954661	-0.827139416014551	-0.275237676339073	-0.762094095658211	0.0858199399096807	-0.95218301614416
TCGA-2Y-A9GW-01	Tumor	0.248961363108339	0.766135699164392	1.07118478582967	0.477017886795815	0.37384052765223	0.572129175195461	0.197643947932148	0.753753235109035
TCGA-BW-A5NP-01	Tumor	-0.235624348998754	-0.508437585693888	-0.280274128336068	0.63379710447435	0.637429934974968	0.068560862835101	-0.343245271707939	-0.301871488283606
TCGA-YA-A8S7-01	Tumor	0.644900325769853	1.43320119038605	1.63804715417003	1.20073550084623	0.919211770212117	1.65234184516151	1.86296570563242	1.70623745402473
TCGA-DD-AAEB-01	Tumor	-0.871914986976217	-0.891445601134115	-1.80918360776346	-1.33469903123186	-1.43973705035074	-0.794741857442336	-0.301950927886947	-0.636732964511104
TCGA-DD-AADV-01	Tumor	0.306937047812005	1.04089359702694	0.71554359416715	0.531928509964198	0.410279619844662	0.206895263503394	0.46377059105106	0.054526969812065
TCGA-DD-A1EL-11	Adjacent	-0.444773380014515	-0.052747466155409	0.807871123642391	-0.506640301296284	-0.117025838798666	-0.27147782984248	0.0503124437582811	0.050330579735815
TCGA-DD-AAE3-01	Tumor	-0.150000390512286	0.284968671641697	-0.902503597481168	-0.583443240318846	-0.805823831863761	-0.44713903975541	0.111414642618921	0.313244651140489
TCGA-G3-A25S-01	Tumor	-0.748729355356311	-1.63580212842732	-0.456963527386376	-0.476150555915981	-1.16200121849609	-0.577498498686153	-0.742155053397417	-0.414588552353217
GTEX-RN64-1826-SM-48FDV	Normal	-0.287704959784172	-1.00507382749679	-1.18568922262212	-1.39582119398099	-0.808892546135115	-0.377219047857488	-1.04352220644481	-1.25665115918302
TCGA-EP-A3JL-01	Tumor	-0.242746012499544	0.162757171555255	0.111558895389898	-0.582003858712597	-0.105216905695123	0.176073146832554	0.0250451475843431	-0.0862706858640586
GTEX-13FLV-0326-SM-5N9DJ	Normal	0.0612261472355049	-0.425680943832608	0.0296544715301216	-0.77370679104638	-0.204684453824432	-0.167057689162637	-0.19744983559757	0.681908606131005
TCGA-BD-A2L6-01	Tumor	-0.104831845597073	-0.236275042615053	-0.625993945272244	-0.210599511627014	-0.875507997652254	-0.165790673365495	-0.370828928266115	-0.240783610323572
GTEX-S33H-1626-SM-4AD68	Normal	0.106746416456347	-0.113429648068758	-0.261868062256063	0.0492493992148338	-0.261789931362371	-0.242450317095528	-0.483254791704998	-0.11464208779445
TCGA-DD-AAW3-01	Tumor	0.162744084599256	-0.208277125466626	-0.792247701762975	0.0390637009033805	-0.671781203484274	-0.468458822608906	-0.618386031799624	-0.574380918014717
TCGA-DD-AAVY-01	Tumor	-0.579228168656497	-1.57955403885471	0.277351615360419	-0.0643097608375088	-0.961532060337516	-0.723117865531072	-0.438159445560889	-0.402382702449796
TCGA-ED-A7XO-01	Tumor	0.291506965908739	0.850966921192277	-0.0805987652653472	-0.296186901935677	-0.236005970163873	0.145941582396673	0.451009786525033	0.829094456763538
GTEX-11DXY-0526-SM-5EGGQ	Normal	-0.559444663792467	-0.843880586295773	-0.991650974822331	-1.3443106375056	-0.635013861534497	-1.06318586069049	-0.932783709475499	-1.31140708858327
GTEX-13113-1326-SM-5GCOI	Normal	-0.0682136306760981	-0.626859856575457	-0.488860064696194	-0.464452570872806	-0.193831619521105	-0.726617066779232	-0.45509540118261	-0.134744704131705
TCGA-ED-A66X-01	Tumor	0.959245813853909	2.01129911178472	0.941054955686822	0.805196255179562	1.06464670150767	1.07106864246105	0.907427482206373	1.12900618206708
GTEX-RU72-1426-SM-46MUF	Normal	-0.220146138334131	-0.862411203210008	-0.335058758940663	-1.06163877621667	-0.344793695554952	-0.322747325804267	-0.889401035432162	0.189698249741416
TCGA-2V-A95S-01	Tumor	0.268347877575254	-0.296948731120314	0.933894542203488	0.531735615876156	-0.0110179619317418	0.543714813068175	0.0805330848009824	0.637592320830532
GTEX-13OVJ-1026-SM-5IFGI	Normal	1.36853377459922	1.72856981332775	0.726982714199402	1.16885027653402	1.14157684157022	0.993000894671135	1.78077271627683	1.73527994004551
TCGA-DD-AADA-01	Tumor	0.314861930203048	0.525378468439534	-0.822622520177376	-0.441494475517364	-0.246453621575906	-0.535913711127356	0.0444418633146892	-0.846192897474776
TCGA-DD-AACW-01	Tumor	-0.144783572318259	-0.928137152202081	-0.211415537722985	-0.263222636790602	-1.06615545179337	-0.444804614084578	-0.578406426497407	-1.06127283003934
GTEX-13O3O-1826-SM-5IFGW	Normal	-1.10119017449995	-1.39109597549392	-0.985013701844976	-1.53438159322559	-0.540549232373121	-0.794176282060578	-1.16206801228179	-1.11230008770041
TCGA-2Y-A9H2-01	Tumor	1.02831518702491	0.982345698112486	0.117238710190003	1.46290598796223	1.32968841800382	1.00178928636408	0.188565268789102	0.586743108754725
TCGA-DD-AACC-01	Tumor	-0.0207027834940127	0.0970926206378143	-0.164561432179073	-0.613404077027229	-0.168019537383498	0.0161166525450664	0.123412469427728	0.483292960809997
TCGA-2Y-A9GZ-01	Tumor	-0.0336183858041021	-0.470552126911103	-0.197288245075457	-0.337583592019651	-0.430765961443033	-0.258090472930638	0.509243400631223	-0.702489079311233
TCGA-DD-AACJ-01	Tumor	-0.998426051280628	-1.10178598243119	0.033876063367629	-0.659964712842398	-0.651096160221001	-0.714426496078697	-0.896779476314885	-0.893225189149153
TCGA-DD-A1EF-01	Tumor	0.647486801379322	0.608188600238455	0.0196171119890325	0.480584582632162	0.142985211001966	0.481723554659529	-0.565396193416147	-0.185797797759923
TCGA-DD-A73A-01	Tumor	-0.0988462736914826	-0.550229707523449	1.29521583066967	0.172120740120371	-0.742986425103528	-0.130458298435108	-0.309829017355353	-0.342483488054262
TCGA-BC-A10S-01	Tumor	0.127874315646563	0.809604744762175	0.514433195895586	-0.023470179564778	0.157399662562437	0.302742933594948	1.10848615390473	0.737476085822465
TCGA-DD-A39W-11	Adjacent	-0.662858526516327	-0.767928383558244	-0.219444586325539	-1.03351519566156	-0.75643052697313	-0.712942320503795	-0.338701492133924	-0.300403018345883
TCGA-CC-A3MA-01	Tumor	1.67864740020624	2.06142732038382	1.37968105617997	1.50926719991984	1.74850103236568	1.37486648185192	0.533926069351812	1.01253671128868
TCGA-DD-A114-01	Tumor	1.11605804713537	1.83752042382948	0.781152694932926	1.27906318611963	1.37978435122472	1.21196896677736	1.0427454522856	1.4142854369526
TCGA-G3-A3CI-01	Tumor	-0.138469612997646	-0.401200617477378	-0.967012341063489	-0.393824960540672	-0.121694419088377	-0.181945875751846	0.505453701804905	0.0891437218097368
TCGA-CC-A7II-01	Tumor	0.241896714880768	0.9850605256816	-0.159573010659669	-0.744265337660602	1.10995290626282	0.509006703428548	-0.263725640311582	0.117622662722449
TCGA-BC-A216-11	Adjacent	-0.703003217825369	-0.458132734402408	-0.563619434686166	-0.989925910078459	-0.459418456855253	0.0916732610205688	-0.353755659887359	0.124544332318296
TCGA-DD-A1EB-01	Tumor	0.0634965785506661	0.171915734335412	-1.68055041192734	-0.0483706203986086	-0.372064645351352	-0.439570455066772	0.112601321308026	-0.697075109693685
TCGA-BC-A110-11	Adjacent	-0.385722315867333	-0.909937835438913	-0.351956588356889	-0.910584377768261	-0.628246957895373	-0.580067863210813	-0.0670345204001585	0.454431440122523
TCGA-DD-AADB-01	Tumor	0.761892185525916	0.0603859995446122	0.598298914796321	0.862908329549773	-0.498433893888511	0.197855963514108	-0.116110893333638	0.447280490399068
TCGA-ZP-A9CY-01	Tumor	0.279178483580415	0.512225319930503	0.467126270744693	0.554885477157568	-0.160950573691506	-0.00941804864356803	0.286089223231511	-0.0627965358525679
GTEX-WYVS-1926-SM-4SOIC	Normal	0.442594470037045	0.859210042129624	0.0777040279151706	-0.256528203072543	0.371789677968388	0.119382351261003	0.634222963137349	0.294140177541388
TCGA-DD-AAVP-01	Tumor	-0.337318729820122	-0.225701892286252	-0.760665435847801	-0.120417600913918	-0.580850944268044	-0.496923977206521	-0.00330355817706216	-1.02766140500288
TCGA-UB-A7MA-01	Tumor	1.03245428323551	1.00768131850192	1.09568172335459	1.45992621373679	1.79151922408266	0.747882591247791	0.101177669459365	0.368270541327536
TCGA-WQ-AB4B-01	Tumor	-0.145035611471782	0.229623335613944	-0.571215399089382	-0.981348152043487	-0.453885985453265	-0.148157783530795	-0.160633075374708	0.0187928571398643
TCGA-ES-A2HS-01	Tumor	-0.775935852572977	-0.498695354025668	-0.604244076404668	-1.56432384027658	-0.903389828655278	-0.622929100423806	-0.368017851837847	-1.27357276030773
GTEX-ZPU1-0826-SM-57WG2	Normal	-0.195656114488186	-0.90117970796353	-0.628417670461736	0.0236260463944967	-0.773463017574129	-0.525734761986368	-0.466066888778467	-1.03166878515759
TCGA-G3-A7M9-01	Tumor	0.805079644980826	0.794471087366534	0.386197352646819	0.811767785548839	2.45927213605806	1.31854293925591	0.268833730634527	1.18803859211979
TCGA-BC-A8YO-01	Tumor	0.771128410460041	0.227188332208175	0.66611913368426	1.13072074025701	0.327908581432518	0.297629423072866	-1.68572783944951	0.968676875439062
GTEX-13SLX-1226-SM-5S2Q6	Normal	0.247427274187913	-0.253587956693962	-0.109453720985343	-0.15793413166372	-0.134465136596855	-0.332087300271391	-0.435058868851105	-0.436424877273429
TCGA-2Y-A9H3-01	Tumor	0.0106053513925133	0.0371722636152943	-1.13124609009095	-1.022282037535	-0.118122389618102	-0.345788595381877	0.111566941401611	-0.520681488534526
GTEX-ZEX8-0826-SM-4WKHK	Normal	0.0376948114475707	-0.48442067078666	-0.803072067409241	-0.67083076661698	-0.15381108297888	-0.488629082109535	-0.504616544727964	-0.7136243229275
GTEX-13FTW-1126-SM-5J2NV	Normal	-0.318507055129231	-0.369024697263907	0.184817502752654	-0.442977747740828	0.337872400772024	-0.303439405469992	0.647418288459865	-0.0913952540997509
GTEX-13QJC-0726-SM-5RQJK	Normal	-0.57323258612968	-0.803588759855848	-1.1661938077718	-1.04341560566404	-0.673452468511606	-0.781214562148962	-0.648811324924158	-0.640952829948307
TCGA-BC-A10W-01	Tumor	0.641890466883048	0.932401176503685	1.2868802060718	1.72986840927763	1.36399831097754	0.954853267349695	0.334271700090043	1.06617787366369
TCGA-FV-A496-01	Tumor	0.458144885204791	-0.876013605315242	-0.820088391200031	0.249243684727401	-1.30579600087394	-0.551364633939371	-0.385635561347756	-0.680595638384872
TCGA-DD-AAEH-01	Tumor	-0.16759906793144	0.0178458081196545	-0.737467869065236	-0.49071213218576	-0.516743650361491	-1.04769546442789	0.272021456619564	-0.794290994986922
TCGA-UB-A7MC-01	Tumor	-0.323634106252331	-0.16154646160561	0.380851129730697	0.251686850208908	-0.257292134789952	-0.214206712070903	-0.433757952047141	-0.194576702398958
TCGA-CC-A9FW-01	Tumor	-0.0528248115964903	-0.379848450844115	0.652182918527559	0.627683255728346	0.441202561493282	0.35936284599561	-0.0909527812319331	0.37463396374736
TCGA-DD-AAVQ-01	Tumor	0.465844912223017	0.397497612412243	-0.111736637420247	-0.0472255858281468	0.484281152704559	0.363928014497877	0.395395119189157	0.291676681485884
GTEX-OOBJ-0826-SM-3NB2K	Normal	-0.21725646556795	-0.58823690682183	-0.562677391788088	-0.569251140254012	-0.0663333163896838	-0.164524254381961	-0.0961101338763283	-1.32456900645874
GTEX-P78B-1326-SM-3P611	Normal	-0.390092844835127	-0.714300523751815	-0.618187017366173	-0.772796673400873	-0.170673612621173	-0.494478967058519	-0.756334752556309	-1.01287472614769
TCGA-ZP-A9D4-01	Tumor	-0.352205585529293	-0.677795650609612	-0.573968067235354	0.227640910735978	-1.09377439238783	-0.332505498700066	-0.824275737798078	-0.985283560397323
TCGA-5C-A9VH-01	Tumor	1.03260395321428	1.26520830789253	0.623411629025516	0.500284818669735	0.583383417823637	0.381902177092615	0.709508507179292	0.0309172781099794
TCGA-FV-A4ZP-01	Tumor	-0.738082318449772	-0.58311170878398	-0.410780247034572	-1.3221292788705	-0.469385687837945	0.212557386217652	-0.464899746715026	0.0439550593867264
TCGA-DD-AAEE-01	Tumor	-0.356758012023851	0.0983875517073447	0.449438409635965	0.208974610548912	-0.181898250607614	0.0136893298217169	-0.482501582392785	-0.614172296602686
TCGA-DD-A4NE-01	Tumor	0.277163847100419	0.949678030178208	-0.700869782201864	0.662455814787339	0.335317281541158	-0.0517984308491636	-0.13680477002242	-0.264671905795322
TCGA-ZP-A9D0-01	Tumor	-0.157201556819977	0.289848568513859	-0.0677099058182121	0.133537613133044	0.281919901655295	-0.533101827710417	-0.305808581187649	-0.707251664865476
TCGA-CC-A8HV-01	Tumor	0.552941402048065	0.624479900878971	-0.660376802634029	0.297423039705402	1.721575910348	0.384201193130045	0.237643033444363	0.269125742981265
TCGA-DD-A73G-01	Tumor	-0.568490238212915	0.0439069260844418	-1.35489878166816	-1.59588525405918	-0.259407248135379	-0.101019969076958	-0.51782081244595	-0.912814453258033
TCGA-DD-A1EC-11	Adjacent	-0.727477281438819	-0.127455812478654	-0.56077239252486	-1.05895412028312	-0.621167255642898	-0.672248256367643	-0.106321468885865	-0.361981864126045
TCGA-DD-AACY-01	Tumor	0.093872105996429	-0.141321582219031	-0.498142885134644	-0.151606120741511	-0.37171485755449	-0.331763156960744	0.0293155944159193	0.0118733443288008
TCGA-DD-AADW-01	Tumor	1.00662101566753	1.40573160623017	0.835402421976612	1.66580525003882	1.91987547966809	0.604107619728262	0.612961481003963	0.647284810388426
GTEX-ZYY3-0626-SM-5NQ6W	Normal	0.982741580078366	0.56927102556287	0.148758151603997	0.524320066127659	0.570821066072164	0.309451820726357	0.789922522963065	0.649545527937149
TCGA-ED-A7PY-01	Tumor	-0.384454477560959	-0.654401627625444	-0.625667415517059	-0.460205318610043	0.433588015255917	-0.221137698802846	-0.43526491232177	-0.8086966084724
GTEX-14C38-1526-SM-5RQJ7	Normal	-0.0219884242067347	0.179533806341299	-0.272966498097316	-0.289552388532251	0.0327763156124561	0.452726647272304	0.106068099905608	0.786423373233009
TCGA-3K-AAZ8-01	Tumor	-0.915427196472246	-0.570775280915778	-0.173247149659978	-0.301805869023229	-0.357467399395158	-0.216032555658459	-0.361521695972923	-0.387715506996674
TCGA-CC-A8HU-01	Tumor	0.211216152772125	0.417076123100176	-0.346311682199064	0.129591870094629	0.589131542084378	-0.182491223228562	0.054870534799362	0.104205417779907
TCGA-2Y-A9H0-01	Tumor	-0.199851124676466	-0.808269415179757	0.0889736801368114	0.166029013571536	-0.682527784122989	-0.440466512026619	0.111054240211337	0.256798361776421
TCGA-DD-A4NF-01	Tumor	-0.945564580398624	-0.533642619816756	0.31176918673276	0.634115756677619	0.129432290647682	-0.128735120960608	0.0674567589931941	-0.639047350597341
TCGA-DD-A1EL-01	Tumor	-0.790959436733878	-0.538714338794342	0.857227226252707	1.21189666129792	-0.0458641358857702	0.659475447777824	-0.0448032864072358	-0.303682613604278
TCGA-KR-A7K0-01	Tumor	-0.0863137726554361	0.438515595093293	1.2465172415454	0.475275840542294	0.326098228220933	0.286671734199739	-0.112993478611767	0.209886279337952
TCGA-G3-A5SM-01	Tumor	0.039773697761852	0.92181221987402	0.0170120075674157	0.394268010624899	0.162403987409279	0.402651010037335	0.381110939074851	0.402324097406131
TCGA-DD-A11C-01	Tumor	0.410462267080801	1.11636133742172	0.508604035361569	0.416313120225832	0.544862419084294	-0.206065143980503	0.477430057366594	0.230318687825227
TCGA-BC-A10Q-01	Tumor	2.15580170087277	1.40594126886686	0.784643441611319	1.74479343509882	1.09678884589416	1.07165601402122	0.263476010393877	1.1451161820598
TCGA-DD-AACU-01	Tumor	0.470340835369729	0.90080718409754	0.355366447546826	0.653180106261285	0.356074845845795	0.685956554849753	0.473513840923896	0.352586513720981
TCGA-DD-A3A3-01	Tumor	-1.05137905767493	-1.10372869233293	0.319832018764853	-0.776419678956232	-1.04477706938226	-0.397680135693012	-0.919559754271305	-1.03769568552469
TCGA-DD-A4NB-01	Tumor	0.819788641807208	2.53990940924467	1.06888619635216	1.11182413164178	0.782002585594714	0.282950826716633	1.36393421240712	0.94868077091228
GTEX-ZAB4-0826-SM-5LU9D	Normal	1.16340925384156	0.88200273111255	0.368594736742601	0.0526426918713522	0.795408627982698	-0.064895351346877	1.1091200733973	1.12911486372321
GTEX-12WSL-0226-SM-5CVMJ	Normal	-0.599561721499692	-1.02619857113578	-0.606867523754258	-0.372577321091997	-0.521006823146199	-0.533417787066106	-0.231879550287007	-1.78865858213339
TCGA-FV-A3R3-01	Tumor	1.00528499734179	1.45623270862773	0.778815927520903	0.91188070549542	1.2051601759739	0.430603889532283	1.4149827873277	0.366736593875591
TCGA-BC-A10R-11	Adjacent	0.14052809875532	-0.60512674227259	-0.0659104389846071	-0.364265776867126	-0.301387065598666	-0.254187341790059	0.0173928791088773	0.104368094156296
TCGA-BC-A10R-01	Tumor	0.603815432467695	1.27578484733235	0.84527347775178	1.1424211247651	0.644626246469177	0.611821622410792	0.773667785748064	0.0381540907086674
TCGA-DD-AADG-01	Tumor	-0.402252901489352	-0.55295929073551	-0.353344112179973	0.0409180807973677	-0.723466573821563	-0.255914549203471	-0.147472567738352	-0.606236955801983
TCGA-DD-A4NA-01	Tumor	1.58210627048889	1.92285937287277	0.114367300734989	2.28907041683288	1.11884361329104	1.79666986280056	0.519767694427739	1.35678405160616
TCGA-DD-AADR-01	Tumor	-0.197907770894048	-0.823803595011916	1.08724301965578	0.162993528944212	-0.029431784438346	-0.801642408514379	-0.549521435115498	-0.868736966252822
TCGA-DD-AAE1-01	Tumor	-0.333847432572923	-0.855935919955876	0.115442325664491	-0.153169540508688	-0.503988608270568	-0.302331392738732	-1.08556286315446	-0.399270785958267
TCGA-MI-A75G-01	Tumor	-0.319536326591428	-0.790855440810403	-0.0467006261578155	-0.32975869168664	-1.01055914949588	-0.376762898479602	-0.326962463081635	-0.0789106466144468
TCGA-K7-A5RF-01	Tumor	0.217277025441178	0.082881049925726	0.509152630830081	-0.241537759123809	0.00730423120852971	0.100151973078505	0.566789133652001	0.803749359646965
TCGA-WX-AA44-01	Tumor	0.472628005893264	0.236407694827513	1.02677000798406	1.0865936364981	0.988528076911167	0.584989348218499	0.639322967904723	0.493117795695387
TCGA-DD-A3A5-01	Tumor	0.0393543931681542	0.138631677481974	-1.0405106904808	-0.548705848725248	-0.437075635302358	-0.276253234144405	-0.104573129975512	-0.428567881045186
TCGA-G3-A7M8-01	Tumor	0.0773007830245392	0.137967822939258	-0.32267778461147	0.0253737183917558	-0.154208579659341	-0.54030581927772	0.109175835105548	0.216416061478358
TCGA-WX-AA47-01	Tumor	-1.46570073757778	-0.879179838165803	-1.33639073995291	-1.66130605325241	-0.47252533690455	-0.575762976938736	-0.63450102174689	-1.70696961300267
TCGA-CC-A7IJ-01	Tumor	0.0808248640142758	2.50348027950227	0.553265979602303	1.62584185741238	2.37151856496661	1.35184486030846	2.47395595192569	3.40969280217223
TCGA-FV-A3I0-11	Adjacent	-0.529349479779426	-0.886425370669699	0.136514521414586	-0.912326944710119	-0.734146350527169	-0.599676060233369	-0.432574380515702	0.4186358730404
TCGA-G3-AAV2-01	Tumor	-0.868600525985275	-0.889419063856206	-0.481534510897828	-0.486393561091852	-0.236661217137973	-0.315945158676542	-0.294497322849574	-0.825472887370281
TCGA-BC-A3KF-01	Tumor	0.241662776030573	0.124612638960024	-0.898996634340207	-0.00902135613514452	0.300819507844853	-0.454941495734703	-0.364077160948619	-0.720542422194441
GTEX-WY7C-0726-SM-4ONCB	Normal	-0.118548356444088	0.16382225942306	-0.382397095997868	-0.100061326146075	0.0660599927033663	-0.495464490921463	0.401548387160998	-0.980647613351342
TCGA-DD-AAC8-01	Tumor	-0.944665526648306	-0.242679695549372	0.593445470605777	0.0916300832910211	-0.385446086339394	-0.0204485059077587	-0.163673866063179	-0.333761029915997
TCGA-ZP-A9CV-01	Tumor	0.270001931504574	0.83762454362227	0.44256731500246	0.715741995111133	0.356986185298097	0.266864046499112	0.467483115282658	0.278625552065403
TCGA-BC-A10T-01	Tumor	0.458764590886725	1.28416905458059	0.0254723539237827	0.733291251329324	0.359290217184742	0.606159600889838	1.02425482087452	0.706188047787388
TCGA-DD-A118-11	Adjacent	-0.61291978768807	-1.23500804972403	-0.257481601997994	-0.990673546520513	-0.834682753240891	-1.07105313699383	-0.0904382513362047	-0.189158150368676
TCGA-WQ-A9G7-01	Tumor	0.74722682437677	0.460874006086507	-0.371610881246919	-0.129184812543065	1.13079113827508	0.00559051147731819	0.121167594208294	0.291001031284449
TCGA-ZS-A9CG-01	Tumor	-0.937109168038422	-0.386012576575772	0.215301690476243	-0.118283532847058	0.135730283652794	-0.606987566727009	0.885931678209078	-0.199545785077935
TCGA-DD-AAD6-01	Tumor	-0.498467934439227	-1.91221712511841	0.478949983929591	0.0863192051072009	-1.42618981412404	-0.615048540003472	-0.813133360750057	-0.56932281750862
TCGA-FV-A3I0-01	Tumor	1.96413617502736	1.60461035353055	0.679723327867327	1.25879288600561	2.22287003410093	0.936745040316356	0.784371850202626	1.40282118518778
TCGA-G3-A3CH-01	Tumor	-0.000963944384959253	0.0899991288952861	-0.106721552434651	0.54040386980542	-0.0147147448499727	-0.471351143760969	0.752518956969844	-0.1938821576347
TCGA-LG-A6GG-01	Tumor	-0.27547781697729	-0.547292760492512	0.14570156642161	0.738604750642407	-0.144106433474956	-0.109928904508687	-0.33573634351472	0.235488850935241
TCGA-CC-5263-01	Tumor	1.44556061099312	0.944360462548548	0.80888299339268	2.16720484284821	1.53312305094656	1.42359678033777	0.306022719137361	1.69531036869237
TCGA-DD-AADS-01	Tumor	-1.25981458980121	-1.8818013575454	-1.71936262272378	-2.04687613581092	-1.71999632327499	-0.969419619858687	-1.24468082413819	-0.838128418256653
TCGA-BD-A3EP-01	Tumor	0.592261505074821	1.06360219987483	0.484141949815183	0.508232936594314	0.435077429058873	0.795696606024235	0.462135436847503	1.04700080843062
TCGA-DD-AADM-01	Tumor	-0.649031440937494	-0.0435090970949819	0.498274654247267	-0.946304440846676	-0.219240797134833	-0.152799911789859	-0.42389385747936	-0.379540055117462
GTEX-YECK-1926-SM-4W21H	Normal	-0.257235813490459	-0.656685820994343	-0.697012767871013	-1.26061320932323	-0.387701976820308	-0.486387570745005	-0.786422114027871	-0.488099217501468
TCGA-CC-A8HS-01	Tumor	0.423916225891409	0.540017088236712	-0.575505082595883	0.650764353993053	1.10380101238268	0.352277750977089	-0.102701184509474	0.314806999688514
TCGA-UB-AA0U-01	Tumor	0.770163510836056	1.46706468275211	0.769732639433601	0.931960857754314	0.611877488835811	0.321428335166619	0.56293980609996	0.657001235386629
GTEX-145LU-1326-SM-5LU9N	Normal	-0.502350894523637	-0.657270854167787	-0.814042667588782	-1.17172387049832	-0.266762965313909	-0.66985269415176	-0.772880352072478	-0.508773546481055
TCGA-G3-A25Y-01	Tumor	0.94484402259163	1.38694083225885	0.74048543378315	1.10693113871631	1.92823578649728	0.658774403295127	1.23935366728238	0.990830686621346
TCGA-5C-AAPD-01	Tumor	0.413883781215005	0.68317783408453	0.0419084196040708	-0.362869273790528	0.200853591507496	1.11355582066352	0.329965358720342	0.89692768213715
TCGA-DD-A4NG-01	Tumor	-0.182827021338738	-0.458820632362212	0.00363831848011633	0.581418836202815	-0.726415294844938	0.241739274068767	-1.07813766718526	0.291311134034574
TCGA-DD-A11B-01	Tumor	-0.578247893515249	-0.0821090476244593	0.0312452856109846	0.359650144406953	-0.0999168598327004	-0.931319616911277	-0.0175237135946663	-0.769449894986118
TCGA-G3-A5SK-01	Tumor	-0.434592232829903	-0.709153748053569	-0.300022830084239	-0.202055032429777	-0.358793774731592	-0.906826539658565	-0.482173822755845	-0.298023486229846
TCGA-DD-A73E-01	Tumor	-0.408071555695988	-0.731199152058091	-0.101847541625464	0.512040785088041	-0.358905448834218	-0.241966647604609	-0.48070289841588	-0.427946529422028
TCGA-DD-AADJ-01	Tumor	-0.615148309594828	-1.01116447136796	-0.477206448759696	-0.310303982324125	-0.766425129906511	-0.490979164801736	-0.386201270043636	-1.16773951507156
TCGA-EP-A26S-01	Tumor	-0.704732822836164	-0.203946063196367	-0.499514296293189	0.107278916653435	-0.0268539012241952	-0.365945818985834	-0.115156638851441	-0.503860746347513
GTEX-13NYB-1026-SM-5IFH3	Normal	-0.193670890479203	-0.355691197937365	-0.698935779751044	-0.632432524517848	-0.373279845684302	-0.60700450898342	-0.166643465431871	-0.557560686237586
TCGA-DD-A4NH-01	Tumor	0.771711915280263	0.985177196531646	0.836258677464492	1.94321768287402	1.88703734144194	0.999836423675975	1.24680285936015	1.80839488704244
TCGA-ED-A459-01	Tumor	0.021656777335916	0.310496699796919	0.130508674110903	0.762110131353033	-0.158428965486938	0.20412428139015	-0.267614373940531	0.544073110627227
TCGA-DD-AAEI-01	Tumor	-0.0881349320206228	-0.668434781987514	0.572328488626939	0.0494720891809769	-0.59277686433458	-0.624449137255516	-0.744669467024035	-0.0926717665584101
TCGA-DD-AAD1-01	Tumor	1.40201657229854	1.69379654155898	0.953249420625318	1.24365272965251	1.12812338328366	0.619669616957688	1.6593396470132	0.94297187948071
TCGA-DD-AADF-01	Tumor	-0.686838966420564	-1.11989910241151	-1.35142861724406	-1.06736864094484	-0.61536682512495	-0.651051546396798	-2.01340202214565	-1.04304938049248
TCGA-XR-A8TC-01	Tumor	0.35022137802984	0.510697759780244	-0.0734938399665929	0.721339624475086	0.465357337691823	-0.121726787082075	0.351224165202833	-0.485773467372759
TCGA-RC-A6M4-01	Tumor	-1.16808298514602	-0.905226622416676	-0.469367256654876	-0.487725062547317	-0.548803120436744	-0.702382321094961	-0.6828427118614	-0.687815305295635
TCGA-5C-A9VG-01	Tumor	0.460178539210481	1.44084262614373	0.0204260211021927	0.0547650649213732	0.535826072897579	0.316856021954973	0.689162534549041	0.190946850263712
TCGA-G3-A7M7-01	Tumor	-0.274632778714675	0.159007010587254	0.0973108953907879	-0.167108933913986	-0.384043814735752	-0.117250030793888	-0.566071414201713	-0.730531868522138
GTEX-RM2N-1926-SM-48FCU	Normal	-0.142606800190494	-0.315094448830489	-0.250227063873451	-0.463322484673819	-0.267994486225077	-0.397003796095706	0.730498817459989	-0.140291028402899
TCGA-XR-A8TG-01	Tumor	0.741094818741876	0.714202600222063	0.967953766684095	0.985849426418725	0.240670497183689	1.07021454436382	0.295975985815284	1.64340358574113
TCGA-DD-AAVW-01	Tumor	0.922385451597961	1.62820040783039	0.525145786969898	0.79897824202988	0.894398888651943	0.637870811867879	0.803971596923461	0.240612529365846
TCGA-DD-AAVU-01	Tumor	-1.00307174609698	-1.3499047929261	0.558614747947657	-0.897730326967266	-0.520533926341129	-0.397674539617586	-0.882911502852162	-1.25009581423858
GTEX-X261-1726-SM-4PQYT	Normal	-0.350117229796038	-0.124896132249983	-0.792865433621839	-0.667521228780733	-0.180472556185959	-0.241507768610802	0.294145345659863	-1.28748391629849
TCGA-BC-A10T-11	Adjacent	-0.17276254597485	-0.547867247786936	0.101628604407032	-0.881012752048743	-0.443930929794584	-0.133464461055318	0.0402420130481526	0.291751465628994
TCGA-FV-A2QR-11	Adjacent	0.570341025782243	0.802860078204232	0.922948785970063	0.416174919416376	0.448427821011207	0.4513124114089	0.925201586534543	1.92956814623356
TCGA-2Y-A9H4-01	Tumor	-0.377294513246159	-0.308095479985713	-0.526642754389307	-0.394692427924377	-0.875287303023336	-0.0406177954146843	-0.649299715301187	-0.47777885616931
TCGA-EP-A2KB-01	Tumor	-0.358331382056513	-0.92782082366606	-0.288912417411278	-0.214980479100515	-0.914519045195165	-0.302816101689884	-0.846606223476972	-0.502512570650356
TCGA-DD-A119-11	Adjacent	-0.292408281970206	-0.226413876607772	-0.211729011990382	-0.25923549625956	-0.452274200609945	-0.238214686543052	0.271644487600058	0.116189730344902
GTEX-X4EP-1026-SM-4QAS5	Normal	-0.127062525551067	-0.937226415428585	-0.731581294342695	-0.255449145136969	-0.573261525220563	-0.497449595612623	-0.598629294615274	-0.000471076175947706
GTEX-11OF3-0726-SM-5BC4Z	Normal	-0.0999335132057827	-0.336294915161104	-0.647643572670897	-0.460868252092305	-0.18945865531217	-0.514940974042004	-0.702510799585321	-0.613482665026608
TCGA-T1-A6J8-01	Tumor	-0.09228428140575	0.363570701045034	0.682612861316899	0.589386402738597	0.267496467177469	0.0591905671837197	0.201442614840831	-0.238828343445518
GTEX-11TT1-1726-SM-5EQLJ	Normal	0.0582586758608449	0.223024229052872	0.122958701823435	1.00221456101773	0.260434297774301	0.599851551235126	0.0798877668807956	0.904547380666041
GTEX-147JS-1126-SM-5RQIW	Normal	-0.201914595216237	-0.413303581797756	-0.183855085331807	-0.827992778858619	-0.0107994401454738	-0.895159978029178	-0.432240314798947	-0.58429517899585
TCGA-CC-A123-01	Tumor	-0.777826313531546	-1.19283330844851	0.0160714271406771	-0.905209830919491	-1.32169165844278	-0.546121632969265	-0.648493585469896	-0.951888253950088
GTEX-139YR-0226-SM-5IFEM	Normal	-0.107956908754858	-0.422710179990813	-0.391862026160887	-0.668375113086146	-0.540545147740528	-0.0298050737576709	0.0718109117110486	-0.363246389796864
TCGA-DD-A39V-11	Adjacent	-0.62447447267542	-0.795025264622847	-0.37234537011219	-1.04797970021549	-0.607558022323912	-0.499695730337853	-0.52535824636421	-0.0318603882409571
TCGA-HP-A5MZ-01	Tumor	0.253071537059296	0.982619827843572	0.918224450621769	0.568553386223598	0.292367649122734	0.613603207698701	0.749717575392898	0.874848151921082
TCGA-ED-A8O6-01	Tumor	0.37180045068645	0.695175098502418	0.544271811543926	0.516194886127596	1.10860646845014	0.320297468981999	-0.204789165007182	-0.126269541536615
GTEX-Y5V5-0926-SM-4VBPZ	Normal	-0.194525847687083	-0.817242350143977	-0.376240612300562	-0.599913217486041	-0.418211488077849	-0.615744822448622	-0.869121184368922	-0.46313751567186
TCGA-DD-A1EI-11	Adjacent	-0.127101137330919	-0.180342424676811	0.370327834272368	-0.370492080296298	-0.320603685762448	-0.350829627142436	-0.163074672710002	-0.0103989545869627
TCGA-BC-A10X-11	Adjacent	-0.277442833497152	-0.348125016595249	0.344215378069663	-0.373057152262058	-0.448085486086768	-0.0865612596498639	0.0721960260869648	0.164556025318636
TCGA-MI-A75E-01	Tumor	0.029034524670926	0.750623338735217	0.934208391746392	0.0824574547980293	0.345108052616489	0.629990420172011	0.411882816430136	0.714546923872429
TCGA-DD-A1EJ-11	Adjacent	-0.383242883217102	-0.20277079160669	0.296858807965157	-0.643545094768843	-0.5024495761637	-0.087783379847966	0.464026157729532	0.627034291852996
TCGA-XR-A8TD-01	Tumor	0.652464901705195	1.44888587788387	0.494839722848242	0.573882183187627	0.668980202378084	0.771045639612506	0.890314583627265	1.28559506502922
GTEX-ZAB5-0426-SM-5CVMI	Normal	0.139436183566374	-0.0164477971113734	-0.401557211184538	-0.512756690004618	0.0426785711332672	-0.170515624318865	0.276226619565555	-0.917446205209127
TCGA-DD-A3A7-01	Tumor	-1.50204400621272	-0.534398899150733	-0.687601826454202	-0.73666268179106	-1.06625807584003	-0.460104635565603	-1.37827018826468	-0.625225849831518
GTEX-131XE-0326-SM-5LZVO	Normal	0.508367382218081	0.41552569100667	0.37421906691443	0.487923385780734	0.0850413894533677	0.603972884004143	0.639006512936563	1.59543465887972
GTEX-1497J-0726-SM-5Q5D1	Normal	0.698226194872778	0.428141716875332	0.150225646399468	0.0109034017213656	0.305337987454764	0.40364052757633	0.866325979504706	0.899918216093301
TCGA-O8-A75V-01	Tumor	-0.0929549924077132	0.766231118134275	0.588993868139935	0.012679325910304	0.335374706182153	0.508649131562324	-0.10485400650742	-0.103452527285627
TCGA-DD-AACP-01	Tumor	0.0673797167456824	-1.0495951449877	1.14034492746312	-0.171818333187006	0.40841105776073	0.299446971950268	-0.128082343427281	-0.352910863504324
TCGA-ZP-A9D1-01	Tumor	0.435543257906455	0.935863756820488	1.17891441746917	0.995282433391177	0.742654532434675	0.158687641410379	0.481059992730856	0.232812386332554
TCGA-2Y-A9GY-01	Tumor	0.639069408676289	-1.0460540417837	0.748570828352145	0.44514430035769	0.0808454660474928	0.133891185165056	0.26717929194915	0.762947503939534
TCGA-DD-AACG-01	Tumor	-0.794694161592638	-2.03668613468341	-0.474654861188263	-0.753928723618414	-0.982704372538443	-0.408316735606073	-0.416583263352263	-1.29048817442009
GTEX-RTLS-1326-SM-46MUN	Normal	-0.110024691908162	-0.70362096464652	-0.696907339293484	-0.832188927455977	-0.474671920412075	-0.279707942073579	-0.537654974659634	-0.478114534698555
GTEX-1399R-1226-SM-5P9GF	Normal	-0.0482268407246385	-0.427728381652593	-0.39440232730657	-0.590250241944738	-0.180168365864031	-0.460923926594256	-0.356979123105568	-0.971431081349247
TCGA-DD-A1EJ-01	Tumor	0.868161294484782	-0.338389268750223	0.31541054751447	0.925543067589508	-0.273350569865185	0.172713525280702	0.466291174260693	1.1767663711925
TCGA-2Y-A9H5-01	Tumor	0.81164976154149	1.37525252770367	0.730900645412864	0.661777653185113	0.617323949651034	0.449085724182756	-0.170532765826961	0.521930108099605
GTEX-ZF2S-3026-SM-4WWCH	Normal	-0.102517517445677	-0.294072534720373	-0.753825748660493	-0.690199743222571	-0.288457599589536	-0.284925071905003	-0.385808401059618	-1.25090046010382
TCGA-DD-AAEK-01	Tumor	0.536199875915798	0.672360505047858	0.461876906219246	0.6937093487281	0.188248186464844	0.139945915878267	0.438788107558052	0.776298153232468
GTEX-13PVQ-1526-SM-5IFEQ	Normal	-0.191388438786134	-0.4096345854139	0.280520517003202	-0.148215384880623	-0.479157506090817	0.205123089177274	-0.23219385849801	0.817344106630396
TCGA-CC-A8HT-01	Tumor	0.0866249799495225	-0.190532360834955	0.653358342066856	0.645005123278395	1.08570567698877	0.551073467645504	-0.312019440345918	0.472822555681165
TCGA-DD-AACO-01	Tumor	-0.926648830899112	-0.496060545897529	-1.0180121309436	-1.06109694772396	-0.351777272323267	-0.643215075814982	-0.126340804329223	-0.669255493511157
TCGA-FV-A495-01	Tumor	-0.289791933402428	0.93908629722067	-0.362126033914477	-0.726233244940516	0.171217652791358	0.125666497372854	0.341599687340336	-0.296734553912681
TCGA-ES-A2HT-01	Tumor	-1.06074896259923	0.0551475329031946	-0.38412795464468	-1.14431760809912	-0.146379389623882	0.126886252909958	-0.373714459106401	-0.362336392417386
TCGA-BC-A216-01	Tumor	0.0369578030726403	0.0140806671282448	-0.230118203085244	0.565843199087073	0.0126459498690554	0.24892983851935	-0.316949832795506	0.213362362208772
GTEX-YFC4-1526-SM-5IFJS	Normal	-0.722829819617274	-0.925046141503934	-0.761178676390675	-1.2059159248293	-0.590559474922838	-0.563912644446913	-1.20725496193482	0.0972057668188137
TCGA-DD-AADP-01	Tumor	0.329215174785751	0.523319619965443	0.488565684379852	0.664943617125283	0.198296683730275	0.371781263501953	-0.0197430182301985	0.203409756648749
TCGA-2Y-A9GU-01	Tumor	0.118801803015513	-0.516931531163426	-0.753607703882174	-0.203566983799366	-0.41365445599992	-0.792258541332505	-0.836330991721247	-1.08684722073906
TCGA-2Y-A9H9-01	Tumor	0.184612009223663	-0.00134775991864685	-0.39575041820772	-0.00788905063064593	-0.0378555282807096	-0.212319805943081	-0.555144877058386	-0.210654782980224
TCGA-2Y-A9HA-01	Tumor	0.38134327355356	0.0772664584407128	0.601436450833805	0.985686499974291	0.140219274698089	0.235051240280945	-0.00805656267158917	0.607452987129178
TCGA-DD-AACL-01	Tumor	-0.0455589555871687	-0.428797611550813	-0.121911680870653	0.333295721382897	1.24227782613321	1.16351869127862	0.226005943241549	0.857137012453493
GTEX-1192X-1026-SM-5H12P	Normal	2.04584811691554	2.39828038791722	1.36158436112218	1.99110106346963	2.00490412499713	1.07881636972549	2.89848590994003	1.52574083836888
TCGA-G3-A5SI-01	Tumor	-0.58690422800848	-0.365307847776551	-1.17087059626657	-0.0127086123952551	-1.45648996427369	-0.614699375782284	-0.656149635458492	-0.736709075038849
TCGA-DD-A113-01	Tumor	0.497274606452975	0.180778144307494	-0.403053170644212	0.773026292077044	0.339041994165161	0.0847526439847654	-0.162845043850274	-0.0580352041071686
TCGA-BW-A5NQ-01	Tumor	-0.155121498515779	0.0040788737638036	0.399485574789285	0.52104788975509	-0.409471827917338	0.324509726974751	-0.3160400656361	0.119941144694698
TCGA-K7-A6G5-01	Tumor	-0.197390655113463	0.117075430648121	0.0566790806331875	-0.138192868315585	-0.437108541811355	0.285780008297101	0.0907393242456502	0.273428485720058
TCGA-DD-A1EA-01	Tumor	0.0838550665401251	-0.347876287771381	0.357935796506178	0.7158038264847	-0.0489572829135766	-0.093091647778311	-0.211660771630214	-0.00110856866326215
TCGA-DD-AAW2-01	Tumor	-0.106357293007007	-0.0200562336578884	-0.566517224557822	-0.253760256914551	-0.637769229089145	-0.601494623500604	-0.318359483561436	-0.633571536406096
TCGA-FV-A3I1-01	Tumor	0.792637993274062	1.10457489027253	1.55200277072271	0.905548181385951	0.161109363868521	1.12366245888974	0.374736449299023	0.683429440556051
TCGA-BD-A2L6-11	Adjacent	0.182711576071527	0.0959083766165499	0.38366594571403	-0.438184989337392	0.0179574237884488	0.0538533446091498	0.854233997477108	0.972182812684729
TCGA-CC-A3M9-01	Tumor	0.41311535561971	2.68107263877001	0.524088166181892	1.3023165704168	1.98052750257622	1.64356942183791	1.63709024435844	3.1127077690788
TCGA-FV-A3R2-01	Tumor	-0.21785021905185	-0.361996912198922	0.276382370354927	1.01635467317496	0.389696698592651	0.0162549682285084	-0.805185307274616	0.344239591654556
TCGA-DD-A11D-11	Adjacent	-0.00101831660816705	-0.456833063424262	0.170277369977953	-0.144110539585354	-0.449394968083679	-0.0837840732871003	0.224335650909365	0.642931469150324
GTEX-139TS-1426-SM-5IFJD	Normal	-0.185983007893872	-0.715597103888535	-0.904989521375106	-0.972136770274582	-0.42405221400605	-0.292664414128941	-0.492301335922521	-0.520660609087232
TCGA-DD-A1EH-01	Tumor	0.893084562181981	1.09517771745917	0.592384628702348	1.50738910182909	1.04573887222116	0.31168697656781	0.707191269178455	0.265421477591106
TCGA-DD-A73F-01	Tumor	0.357588581730897	0.148884935945728	-0.258931054208369	0.328596629670906	-0.417637171119669	0.0496338852085723	-0.0152913546801795	0.0181602594825906
TCGA-BC-4072-01	Tumor	0.821650899972094	1.42996799118773	0.868232407238304	1.2824392295756	0.516613437914431	0.921073653345995	0.930638346179485	0.521492769011265
TCGA-FV-A23B-01	Tumor	0.366801032613396	-0.133251719028269	0.855559510011817	0.920052977838643	-0.18516263672257	-0.276395992708288	-0.340325804416011	0.00898554786425781
TCGA-CC-A3MC-01	Tumor	0.124979435282929	1.24881403730409	0.922671335082186	1.00088526818355	0.912147095800509	0.376853217891535	0.849737723597278	0.33685331328445
TCGA-DD-AAW1-01	Tumor	-1.56095331779543	-0.809115949301659	0.0629680435194821	0.254491825391445	-0.953699605773764	-0.508182328660008	-0.416837274714283	-0.499299919215111
TCGA-DD-A4NO-01	Tumor	-0.13052801992992	0.351419017046792	1.13035889810621	0.366824202205294	0.148541450043887	-0.261939537451274	0.0106178794164566	0.156845327697967
TCGA-XR-A8TE-01	Tumor	0.648347246296698	0.973835416220159	-0.138079207926986	1.12542640690552	1.19817991341788	0.198463638096745	0.467662831819107	0.277493017020037
GTEX-132AR-0426-SM-5IFH8	Normal	0.390876411568957	1.27829948618474	0.375784458188975	0.88627421010275	0.800411442319629	1.12362229883447	0.52593236039749	0.972660847718056
GTEX-13OW6-2626-SM-5IFF2	Normal	-0.107854836130542	-0.473643778958168	-0.141053303101025	-0.923725452039853	-0.297684634896312	-0.484235548261527	0.077030177832977	-0.610402354993225
GTEX-ZTPG-1426-SM-51MT3	Normal	1.05063267995276	0.285009220141136	0.37362350830538	0.660968103286274	0.446057688682698	0.568263111306556	0.861345872385866	1.42077818322051
GTEX-S32W-1926-SM-4AD63	Normal	0.0641072909562624	0.525246846734959	-0.400839434896483	-0.0790589616426655	0.189677705503019	-0.0384290164577796	0.447961657904987	0.0831234243161858
GTEX-QDVN-0826-SM-48TZ2	Normal	0.325765056332136	1.00711554256312	-0.0350424025916659	0.245689812171853	0.523715258982047	0.124999255264462	1.52757661718754	0.407495196205217
TCGA-DD-AAE0-01	Tumor	0.898110094008603	0.878127267971975	-0.298070699646858	0.151754565916149	2.30979144062207	0.622075908807458	0.367890423514607	0.218764375484964
TCGA-DD-AACV-01	Tumor	-0.624287307213965	-0.548493587529386	-0.843310903652624	0.0838849085916868	-0.976267832743221	-0.927462884455889	-0.329375778098732	-0.521606828684748
TCGA-DD-A4NQ-01	Tumor	0.628557561677153	0.242336168229928	1.13424772249792	1.01093763047675	0.664498990894066	0.817072205496367	0.154006837313559	0.921639139286823
GTEX-Y5LM-0426-SM-4VBRO	Normal	-0.206243575456462	0.0936627229229023	-0.356203628536609	-0.0365329151117565	0.00806906139708497	-0.234921995107584	0.274994095973192	-0.445780483513036
TCGA-DD-AACB-01	Tumor	-0.487667172981055	-0.475239474832723	0.165710021293295	-0.338766951572641	0.040970933301412	0.460864303803365	-0.166038042888753	-0.542377231528004
TCGA-DD-A4NJ-01	Tumor	0.514797967732505	0.710170288147235	0.482070613038377	1.2580684648573	0.665455762043512	1.01976699118625	-0.0178743637935465	0.994656279654831
TCGA-XR-A8TF-01	Tumor	-0.533564566944929	-0.989363406011188	-1.05108796969722	-0.246337882602026	-0.821610726866945	-0.620498523444841	-0.26871063781575	-1.14749814312383
TCGA-DD-AACN-01	Tumor	0.634305542225952	1.01873189407507	0.241241990769529	0.680871175499903	0.805734543882086	0.250215247960613	0.801071728167478	0.40440552840896
GTEX-131YS-1626-SM-5HL6C	Normal	-0.287488051579981	-0.4750401818184	-0.553264395000704	-1.10841578898231	-0.443553681438197	-0.898752485760891	-0.326700560280252	-1.24921746907522
TCGA-GJ-A9DB-01	Tumor	0.941568950029262	0.867248191104991	0.924426446998866	1.0265608159068	0.548052250512796	1.41852530324504	0.547743697098604	0.998882289399165
TCGA-DD-A1EC-01	Tumor	0.589532100400082	0.671833772790003	-0.328869290211129	0.873045973630304	1.04166279581668	0.8745563763164	0.362398381114525	0.855495490642439
GTEX-1399T-0826-SM-5IFES	Normal	0.119916345211166	-0.178641765880716	-0.273883002954144	-0.500017457521804	-0.0775138249849134	-0.56355315056994	-0.364290602106099	-0.244919394082169
TCGA-BC-A10U-01	Tumor	-0.0775922410182285	-0.368808456776296	0.570381779738824	0.934674900849889	-0.223768420493006	0.611383964474947	-0.920469245316261	0.270074764387862
TCGA-2Y-A9H7-01	Tumor	-0.00870455750533411	-1.34868025518521	0.1319491444487	0.143356145976857	-0.296393362962036	-0.752413541496299	-1.63766998037981	-1.1109881977014
TCGA-DD-AACZ-01	Tumor	0.565192692381693	-0.204387676401313	1.31466686850771	1.45374090517819	0.225875073659842	-0.135022368978062	-0.524385598489246	1.06518170049588
TCGA-DD-AADC-01	Tumor	0.500118988925344	0.456821526300277	0.677069853265119	0.88195958570625	1.10351420573061	0.340380262564804	0.754721688566575	0.703026179123432
TCGA-2Y-A9HB-01	Tumor	-0.0648199178540291	0.467817631627555	0.001259394436992	-0.222676288250223	0.214153329652091	0.0639186590504555	0.517768571367805	-0.409244568840948
TCGA-MI-A75I-01	Tumor	-0.0324590247353622	-0.532687306931004	0.540694109933352	0.494067561030702	0.214230731384367	0.57414359297519	-0.436024525024	0.0693722562415253
TCGA-NI-A4U2-01	Tumor	-0.546832226749404	-0.126749575023038	-0.686906683247044	-0.315205624241268	0.354844005069733	-0.276124225532044	0.0288470757001635	-0.468158835775166
TCGA-RC-A6M3-01	Tumor	-0.0909222339608836	0.137983604156794	-0.490406063370874	0.1156651300985	0.0107577156968588	0.611185391062051	-0.645306076380057	1.3413899205138
TCGA-DD-A39Z-11	Adjacent	-0.904695284937962	-0.601134035328325	-0.333673755589028	-1.28211525174395	-0.643316654891585	-0.964018226120372	-0.2801542953212	-1.2524625970105
TCGA-EP-A26S-11	Adjacent	-0.74607721636951	-0.935315856827634	-0.116126263193645	-0.993502113580041	-0.683564476591378	-0.574804429470913	-0.00631819028634202	-0.105233888046151
TCGA-RC-A7SF-01	Tumor	-0.0773204697294465	0.0596479701163921	0.303124987048785	0.0605675056189603	-0.592474930451871	0.0375219687576739	-0.496462060776292	0.00213774752299227
TCGA-RC-A6M5-01	Tumor	0.859238470441647	1.42651546639025	0.231865176506822	0.43616752886025	0.775862006939489	0.135558493117404	1.42437423474857	0.156687803464204
TCGA-ZS-A9CF-01	Tumor	0.648783607997607	-0.0474601284226689	-0.0611000301462943	0.0903546848064177	0.0670372749628466	0.0841267201975646	-0.105526182736826	0.239533674735081
TCGA-MI-A75H-01	Tumor	-0.403129120718549	-0.462029026356605	0.125866488805996	-0.391137512140317	-0.847024652498626	-0.144317017554498	-0.242202028062728	-0.539846374250281
TCGA-DD-A3A1-11	Adjacent	-0.705122917643927	-0.897719703999002	-0.427520282871793	-1.87081360808741	-0.539639489847448	-0.520524516589154	0.322619985728439	-0.112120544630864
TCGA-G3-A25T-01	Tumor	1.36396306094403	1.25766149941388	0.443295052877039	0.872075511353091	1.12674632977127	1.05585778699701	0.589368384573674	0.844994821919378
TCGA-DD-AACQ-01	Tumor	-0.499064787075645	-0.919140595204925	0.0454328476885935	0.0100613111325111	-0.423614411751208	-0.697467404693708	-1.17196958826293	-0.237763008502537
TCGA-KR-A7K7-01	Tumor	-1.48676704968311	-1.12032421649741	0.146149926946389	-1.16170319846466	-0.656440094872599	-0.0662299225149123	-0.644059265743927	-0.502649436154396
TCGA-DD-A4NV-01	Tumor	0.457309515336831	0.928203515783217	-0.0475985602566517	0.468077165786003	0.0264617804321573	0.235804772992043	0.626605539667241	0.493540687016772
TCGA-BC-A10Y-01	Tumor	0.450917018738028	0.154006421273235	-0.560260164154324	-0.124777310374237	-0.328897614916481	0.0667422916688812	-0.423558255501608	0.0991802812647157
TCGA-CC-5260-01	Tumor	2.09297440459243	2.30964704004374	1.17801912573425	2.04027823628974	1.82318267645396	0.775310458860695	1.25852987308036	1.22324275485332
TCGA-FV-A3R2-11	Adjacent	-0.231403590638393	-0.475380651300446	0.0907891969047125	-0.994280744111344	-0.155321517059714	-0.234946352974072	0.420788260263414	0.570223706575126
TCGA-2Y-A9H6-01	Tumor	0.534299479547167	1.07622296155502	0.415188733968208	0.153310213952187	0.392655169747732	0.417499383198708	0.728900188731667	0.181417416276478
TCGA-DD-A3A2-01	Tumor	-0.982171636509368	-0.702451623415864	-1.8928386440864	-1.15816842202756	-1.42876252197378	-1.08389097862097	-0.668583009310735	-1.65659590828907
TCGA-EP-A12J-11	Adjacent	-0.0650950427785602	-0.127941980562571	-0.0774781874965712	0.236891761282628	-0.173883257769039	-0.120617892961105	0.665821562372545	-0.499852665892849
TCGA-ZP-A9CZ-01	Tumor	0.255939473119585	0.540907794735667	0.36267419199393	0.502044851191077	0.497947932873847	0.294728812936409	0.471217811922236	0.473982297578503
TCGA-DD-A73D-01	Tumor	-1.24943055596212	-1.97258985183321	-0.789905641868742	0.0281290185852557	-1.16130951973936	-1.23612568161111	-0.680203950866851	-1.04874827926263
TCGA-ED-A82E-01	Tumor	1.75834294370759	1.62595059217968	0.0729871114220052	1.57360416708079	1.55196107315339	0.894529860058738	0.845013006291091	0.743342156595985
TCGA-DD-A4NP-01	Tumor	-1.3090888511092	-1.01987604985484	-0.705693469432567	-0.555544530600049	-0.296674452380147	-1.16615800004004	-0.565249981364103	-1.55920389695656
TCGA-ED-A4XI-01	Tumor	0.614382812276271	1.44517518160607	0.530988765868093	0.243904336354253	0.362907083986769	0.545539834544586	0.50088794357572	-0.0605130506645922
GTEX-131XH-0626-SM-5LZWH	Normal	-0.97784941120126	-1.05709028464583	-1.34669277478005	-1.56608693226816	-0.470824527181218	-0.747236883996496	-0.997120050421401	-2.07267342945173
TCGA-ED-A8O5-01	Tumor	0.671977497999964	0.196042375338262	0.0634553499230967	0.272690508982131	-0.316491764300553	0.255966178583704	0.530131215843761	-0.477923844847715
TCGA-DD-AADY-01	Tumor	0.524175974004947	0.440753139686007	-0.688941367290734	0.781592654845358	0.496131271034506	-0.0131712499406767	0.267631549824309	0.109504747972544
TCGA-KR-A7K8-01	Tumor	0.787946025095176	0.764504722991516	-0.174692175402984	0.204262083596248	0.401095685776236	-0.0243376712009129	0.523219265849312	0.415046600956356
GTEX-XBEC-1526-SM-4AT68	Normal	-0.0649650337282737	0.131476946464208	-0.652905717943382	-1.26107373350525	-0.172871487088252	-0.0493212160845679	-0.203973490923765	-0.622463398359984
TCGA-BC-A10Z-01	Tumor	-0.201371282623192	-0.781148387580704	-0.153532461888811	0.903816938428995	-0.486395137245723	-0.607677229271539	-0.464889862237093	-0.959628254159411
GTEX-11NUK-1226-SM-5P9GM	Normal	-0.696140797261381	-1.03623429091483	-0.590987492822678	-1.16431019365298	-0.902658464562384	-0.431810693851413	-0.864095553589731	-0.966940215343017
TCGA-2Y-A9GS-01	Tumor	0.605121212564533	0.735213468692269	1.42379789729603	1.02380929909417	0.387209089336426	0.841038013132723	0.279217994800334	0.291176692373439
TCGA-DD-AADN-01	Tumor	-0.60345875274026	-2.95164679348126	-0.635306907461596	-2.24844591080643	-1.47014450470177	-0.824109444092135	-1.01370655934343	-0.70646588184169
TCGA-RC-A7SK-01	Tumor	0.34113820884374	0.112083085643972	0.228099548030308	0.791949440820365	-0.0807722157150167	-0.017122156566308	-0.591883902591431	-1.20192992250516
GTEX-RWSA-1426-SM-47JXA	Normal	-0.137099951774173	-0.409426416383978	0.320970093255935	-1.00066197039553	0.0497006492022042	-0.11793247236986	-0.0270840666072649	0.626060498294118
TCGA-FV-A23B-11	Adjacent	0.0411265110759282	0.297821903342658	0.538622695048665	-0.105791438939655	-0.0715319338874843	0.099937015466446	0.355890047015823	0.716131258207435
GTEX-XXEK-1126-SM-4BRUX	Normal	-0.0624848027329283	-0.516637349442876	0.042246445641863	0.126619462815809	-0.396138932314034	-0.0358579779077174	-0.463458253305455	1.01005315788612
TCGA-G3-AAUZ-01	Tumor	-0.553933009327831	0.102217434941223	-0.898228488746483	-0.926405242503708	-0.191771242310205	-0.567044648746885	-0.159613343644646	-0.345857664684395
TCGA-G3-AAV6-01	Tumor	-0.415278039620663	0.136012716554061	-0.0947872054725959	-0.486362816561613	0.913929694017191	0.336231878565881	0.0910472040971495	-0.214858571698805
GTEX-UTHO-2426-SM-4JBHD	Normal	1.05217830092422	0.807554312649176	0.188003638087914	-0.0504649299485247	0.751203568710703	0.400355198750107	1.35259338560407	0.743474847396783
TCGA-DD-AAE4-01	Tumor	-0.228264493165096	-0.299291992310399	-1.88139699111943	-1.24693622542639	-0.69580281607072	-0.651748329147021	-0.0264595139481994	-0.328634998925464
TCGA-5R-AA1D-01	Tumor	0.645506313253591	1.97381810359931	0.638467253758526	0.967639327632412	1.01993596830543	0.466663126398421	1.27889684000123	0.536433602408724
TCGA-DD-AACF-01	Tumor	-0.18061152436722	-0.451481703969052	-0.32761406360879	-0.12969961395985	-0.0685826611494463	-0.340561307707545	-0.744149727150112	-0.154006994527301
TCGA-DD-AAE7-01	Tumor	0.0967552119058965	0.216797551584774	0.941426779833612	-0.47293408069171	-0.547135881854838	-0.163158714646631	0.339767162003493	-0.314241870216664
GTEX-11ZTS-1426-SM-5EQMM	Normal	-0.232556980074706	-0.355617426182664	-0.394111504422073	-0.974086833760514	-0.487693320204868	-0.744389671264959	-0.354930505007287	-0.667406021967632
TCGA-DD-A3A3-11	Adjacent	0.196857414650661	-0.329771012489086	0.306822905494104	-1.0651175850472	-0.252417636564513	-0.317975378103885	0.789848567045097	0.832743785897862
GTEX-WQUQ-1926-SM-4OOSA	Normal	-0.79697305404484	-1.12343877161863	-1.47377902947089	-1.0903575283357	-0.0118319015026118	-0.929342513791633	-0.624679066719846	-1.87144798553764
TCGA-LG-A9QC-01	Tumor	-0.3014389265205	0.414222274427224	-0.127784102471941	0.601893327357749	-0.157615697885648	0.149812042635026	0.0557314424453815	0.282128157378763
TCGA-FV-A4ZQ-01	Tumor	0.187042440492361	-0.81648966208254	0.108801736670941	-0.124125946845686	-0.30962355636789	0.155683067793579	-0.443142614981035	-0.234269352525938
GTEX-11NV4-1326-SM-5HL6V	Normal	-0.541820674252014	-0.902261245811189	-0.995882255722923	-1.34491511882544	-0.45471031770475	-0.754325816705587	-0.889695977139472	-1.00633103209906
GTEX-U8XE-1526-SM-4E3HT	Normal	0.324744055108758	0.00160938933145572	0.474619348690997	0.607560802835127	-0.403507306560751	0.441141061455002	-0.51526929098928	0.908700762397286
TCGA-GJ-A6C0-01	Tumor	0.91365653206613	0.261475387264678	0.822269540683368	1.19165589165667	0.606497643509001	1.07635961187883	0.155143481506089	1.55845022176834
TCGA-DD-A39X-01	Tumor	-0.05127299650515	0.0494079258667034	0.593429541690479	-0.749751546924605	0.0476983826732342	0.0807738307833294	0.277304057617386	-0.351207008588977
TCGA-DD-AAEA-01	Tumor	-0.176134879693809	-0.73592209582274	-0.799044061667318	-0.782531279607632	-0.191579833410246	-0.181838028962707	-1.55343881321777	-0.231941895990186
TCGA-K7-A5RG-01	Tumor	0.363653682235724	0.212808516652153	0.145286599651472	0.341214808182504	0.0763607138492372	0.0122889060820885	0.0848002997101429	0.666295396709626
TCGA-MR-A8JO-01	Tumor	0.767133310402314	1.72101077265834	0.593013765182051	0.497188209532164	0.97001224549194	0.46366870099752	1.03762843778095	0.742911063640436
TCGA-DD-A1EE-11	Adjacent	-0.0191091579002796	0.0259136909214738	-0.0444760865343449	-0.345529782350255	-0.125653168199563	0.0313145097543146	-0.0543605947886971	-0.264691550736739
TCGA-CC-A5UE-01	Tumor	-0.337562099072493	-1.43547487649268	1.02355371743839	1.04562270669066	0.0450349106720143	0.594644095415812	-0.465023708215091	0.338084669123361
TCGA-DD-A1EB-11	Adjacent	-0.442507323730356	-0.561231674862464	0.254074721823747	-0.355946534691665	-0.387511246816596	-0.323248363924285	-0.100151337387292	0.152398195794162
TCGA-BC-A110-01	Tumor	0.349570059480932	0.790547313724	0.218716168854919	-0.059936887198948	0.0898213365095888	0.489285104895519	1.0257006978772	1.41357363780423
GTEX-XOTO-0826-SM-4B65O	Normal	-0.225457144558048	-0.578207239794943	0.04713374616655	-1.02856725386955	-0.431748782902574	-0.41866661992423	-0.529616461950931	0.427154139060317
TCGA-LG-A9QD-01	Tumor	-0.837803202816429	-0.524707248610852	-0.0438635353727963	-0.600285406097194	-0.0811686416017679	-0.541238806975009	0.11073620658939	-0.958532861231331
TCGA-CC-A7IK-01	Tumor	-0.458479786106987	-0.567151000618662	0.86036100047579	0.841063879314593	-0.0402244708001697	-0.0659143376933536	-0.272028722436625	-0.886220769463291
GTEX-Z9EW-0426-SM-5CVM9	Normal	-0.169063657220729	-0.660130158263269	-0.118225534099449	-0.280074301436865	-0.109935109375729	-0.369272582468045	0.465657605631534	0.112821243428071
GTEX-ZZPU-0426-SM-5GZYH	Normal	-0.375223953560946	-0.7700302983972	-0.48569659054144	-0.542031807902949	0.133555569807806	-0.189177502581753	-0.0115722155609902	-0.879715241511175
TCGA-CC-5264-01	Tumor	0.795240319916748	0.49719555836676	0.345230874321936	1.3352631473956	0.729919812420015	0.657070433517971	-0.265910659485979	1.0837482547854
TCGA-DD-A4NL-01	Tumor	-0.245244839939252	0.391410278357471	-0.0998151869763845	-0.248948063029022	-0.235093685249784	-0.193774927886761	0.43924392178469	-0.0166330218043286
TCGA-DD-AAC9-01	Tumor	-0.385718700184333	0.542397833169203	0.301131006981995	-0.553078194517858	-0.0710999978874858	0.0761189805831713	-0.300342426440308	0.158129058160169
TCGA-DD-A4ND-01	Tumor	0.777846299221571	1.90421754436297	0.83601662300487	1.20736522311614	0.990362567669591	0.970033676299348	1.19266419733799	1.19779031871637
TCGA-5R-AAAM-01	Tumor	0.492265491806183	1.4224604436474	0.40802340743509	0.401218075291274	0.35215689510207	0.37900063057949	0.969787649838421	0.699989633982228
TCGA-BC-A3KG-01	Tumor	-0.153426587041049	0.192232417749147	-0.126435228659906	0.615480500006083	0.104345063052901	0.310633621686275	-0.51747559056435	0.271354778013709
TCGA-CC-A9FV-01	Tumor	1.22753781454404	1.64530363587061	-1.19873049803503	0.668056991572518	1.7637282489648	0.311108129605552	2.13934115376919	0.441805801061301
TCGA-G3-A7M5-01	Tumor	-0.344309501145701	-1.25522850769351	-0.502291886655613	-0.960449799999697	-1.49170324674329	-0.5427147066101	-0.77901406399409	-0.65268707842337
GTEX-1269C-0626-SM-5FQSS	Normal	-0.180254891299342	-0.396478614265344	-0.412843221200822	-0.705202856385568	-0.220316151864872	-0.446475574585559	-0.0145287782314801	-0.255892193985086
TCGA-DD-A3A4-11	Adjacent	0.00321085892348059	0.320110322352625	-0.0805518281133436	-0.399427916886654	-0.0910870068173614	-0.461030413257904	0.883049591351765	0.00503137384531319
TCGA-DD-AAD3-01	Tumor	0.545019421449379	1.34779478324798	0.900144465613919	0.921111751019699	0.552541186613187	0.453697503093576	0.777551088103763	0.791411430051484
GTEX-13VXU-0926-SM-5IFFH	Normal	-0.540827500242259	-0.788820056336763	-0.824257970029047	-1.03711200768807	-0.472805231169962	-0.797427145786571	-1.00140013846466	-0.855081888334773
TCGA-PD-A5DF-01	Tumor	0.631471234125274	1.47957939640936	0.708040762234018	0.963968958267264	0.560739610108578	1.196723158725	0.703588200655004	1.21162155145307
TCGA-EP-A12J-01	Tumor	-0.601666544295338	-0.6404038226779	-0.288614317826202	0.579036131849196	-0.112203352431644	-0.446228286281683	-0.148828303440869	-0.591276549967713
TCGA-DD-A3A4-01	Tumor	-0.36390943649872	-0.15142433437992	-1.21435080474692	0.148227349941913	1.0852135034491	-0.663397461493543	0.0724337618165913	-0.814690868895843
TCGA-CC-A1HT-01	Tumor	1.15761406793281	1.05927512202745	0.872300355999428	1.53771768110245	0.861125614147401	1.58558062324136	1.01421777383461	2.29788035872399
TCGA-CC-5259-01	Tumor	-0.781605865083925	-1.89482080352312	-0.724565654356132	-1.06841173513698	-1.0075655994079	-0.120705269810129	-1.17959560844383	-0.52769921333549
GTEX-P44G-1126-SM-3NM9D	Normal	-0.58952567039704	-0.974468663010815	-0.574717164215733	-1.41807463234977	-1.1107337668835	0.0268455679342601	-0.149899392443542	0.544016713805111
TCGA-DD-A3A8-01	Tumor	-0.833518709317181	-1.14316792853943	-0.795346178777856	-0.171468141324988	-0.810928349935073	-0.563389985363025	-0.051242939199026	-1.08324349281368
TCGA-DD-AACH-01	Tumor	0.50576469863517	0.857466359750291	1.29979250162386	1.56858497125882	0.456654062750592	1.07264815218539	0.0812521625638263	0.838449180265838
TCGA-UB-A7MD-01	Tumor	0.437508489941782	0.764818630086755	1.03998309068116	0.773400966378471	0.400670446757463	1.05908743367577	0.73088581383565	1.20368147064121
TCGA-ED-A5KG-01	Tumor	1.4492050139215	0.943560048977784	0.522332937361499	1.57778128733825	1.06177712798084	0.953300254835719	0.577521329297732	0.91114535004529
TCGA-G3-AAV4-01	Tumor	0.00789098523742999	-0.68799952790143	-0.87575938857964	0.359775367822259	0.00996351131676218	-0.358854729541616	0.232521075973753	-0.55333083054779
TCGA-CC-A9FS-01	Tumor	-0.147103885547866	-0.164699106363413	-0.341780202306729	-0.36563152934339	0.206535672032921	-0.751350176747217	-0.385869402706291	-1.24724975747398
GTEX-WYVS-1926-SM-4PQZ2	Normal	0.392794047174536	0.838319780721891	0.0934387145065301	-0.360924433342149	0.372965548132337	0.334833744973678	0.646435481707482	0.358962984597079
TCGA-DD-A39Z-01	Tumor	-0.580630266372499	-1.43008142697263	-0.792818114987612	-0.630857480888699	-0.872145086177028	-0.855394722496528	-0.657736399101891	-1.0045317176258
TCGA-MR-A520-01	Tumor	-0.682561551769958	-0.652451397643559	-1.0788349780708	-0.123989984745973	-0.204431033681359	-0.551217446715877	-0.362699030902335	-0.982487792846533
TCGA-DD-AADK-01	Tumor	-0.192257680192875	0.350029905038637	0.317634807785229	0.0976673710994293	0.270584732029123	0.595299965843804	0.334503135485857	-0.12052619902835
TCGA-DD-A4NN-01	Tumor	0.500680528888022	1.03356644580083	0.485563835904243	0.23520884104159	1.82984383696638	0.417843156106613	0.0562806730796618	0.53035432680447
TCGA-DD-A11A-01	Tumor	0.045170480218071	-0.355195878600716	-0.0711351494272674	0.748446615765214	-0.450725902480355	-0.237624487523884	0.673369012076087	-0.174615293209005
TCGA-DD-A39W-01	Tumor	-0.325364486360807	-0.59009224064926	-0.211739760136833	0.824568798187491	-0.407563453843556	-0.418590247138679	0.0335487270212791	-1.11758482506362
GTEX-14A5I-1726-SM-5QGQ5	Normal	-0.49077773371446	-1.37531877586344	-1.25732708765829	-0.729691914555172	-0.664596632637969	-0.567342461892602	-0.827035925996158	-1.21637536597405
TCGA-DD-AAD0-01	Tumor	-0.245327721104706	-1.46014727470759	0.645930903684319	0.853201258831702	-1.03301413134964	-0.190064185738238	-2.17034360568802	0.337308399569941
TCGA-DD-AAVS-01	Tumor	0.54212042812197	0.611313397837878	0.854484361049253	0.654594118290902	0.451202120904863	0.274273313683558	0.280927055604677	-0.184838903976409
GTEX-11ZVC-0726-SM-5FQT9	Normal	-0.432946673774694	-0.840761660047551	-0.863890895594692	-1.35496255568598	-0.445328341814752	-0.649356877352364	-0.79613447980011	-1.38694642202817
TCGA-DD-AAED-01	Tumor	-0.338174758353057	-1.87021291334589	0.3958886714888	0.0517899366774325	-1.45938645365308	0.0808126211567043	-0.651872630984092	0.0248564152885544
GTEX-13112-1426-SM-5EGH8	Normal	-0.58854151395883	-0.83778366024555	-0.517420319406651	-1.3435880475709	-0.274690732728901	-0.705597596561837	-1.05446542488002	-0.788915237152461
TCGA-DD-AADU-01	Tumor	-0.8074292364818	-1.32093869598444	0.580557630895549	-0.206813177454417	-0.821928508803375	-0.250315551618304	-0.710495187116183	-0.583263636543869
TCGA-RC-A6M6-01	Tumor	0.863999609353591	0.184614472530116	0.492483521245188	0.63452714203874	1.57751897028546	0.612751593990906	0.322436460491656	0.243674400371532
TCGA-KR-A7K2-01	Tumor	0.346838344342486	0.475053052212694	-0.656692259649381	-0.646946989933402	-0.691263981729998	0.0571053143773884	-0.197069696620075	-0.493332280486239
TCGA-DD-AAE9-01	Tumor	-1.19909765966463	-1.85586851963574	-0.533241768439637	0.0786142371319385	-0.261090516141622	-0.666156144100047	-0.829179625035606	-1.471900059034
TCGA-2Y-A9GV-01	Tumor	0.660231379650248	0.27379732526616	-0.067951255683583	0.251641600911325	-0.259992953754451	-0.222782581135378	0.242157040309311	0.812606035763554
TCGA-DD-A39X-11	Adjacent	-0.843847959278339	-1.20178432062941	-0.0300822230859508	-1.30801856524298	-0.798806372998494	-1.02089016135962	-0.597002086252722	-0.414381402956738
GTEX-ZVT3-1626-SM-5GU66	Normal	0.260371143294312	-0.0143413849515891	-0.313522718900566	-0.537072323949015	0.124037591422992	-0.204017114362051	-0.251384496116841	-0.27859916566009
TCGA-DD-AACE-01	Tumor	-0.145307313705613	-0.407996904079818	-1.18672364906379	-0.287917609346838	-0.566232591117654	-0.646355054800701	-0.189093334013497	-0.266943890399447
GTEX-SJXC-1226-SM-4DM78	Normal	-0.628224295253121	-0.916604628618801	-0.69529852982245	-1.33653226033588	-0.702145743308102	-0.655885307513978	-0.932644252390531	-1.0970082442592
GTEX-139TU-0826-SM-5IJFG	Normal	-0.121764999757315	-0.268846552784778	-0.560397331818625	-0.634811113932809	-0.575615709014212	-0.581744913591356	-0.626133172294595	-0.249153738018398
TCGA-DD-AAVX-01	Tumor	-0.466420325744432	-0.112520791518606	0.312360609289313	-0.419942990987879	-0.904327794203598	-0.602714226205549	-0.107898999308387	-0.445812566189346
TCGA-DD-A73C-01	Tumor	0.250978228720817	0.369195782719039	-1.27315694418481	0.116098610607065	0.144535910177025	-0.520102944388598	0.585241964306725	-0.447046534914197
TCGA-RG-A7D4-01	Tumor	-0.378644039141795	-0.791904873213898	0.00721961166223902	-0.20036365197743	-0.191847578612473	-0.176918374807123	-0.0303488090929493	-0.318321637458246
TCGA-FV-A2QR-01	Tumor	0.509837894732587	0.688404051412797	0.172039726065353	1.08542207540845	0.203539245233063	0.550450732793899	0.0974013983300812	0.711107717639539
TCGA-BC-A10Z-11	Adjacent	0.223410668684933	-0.775807957431227	0.528825651183665	-0.559376698977571	-0.0663184199661875	0.0474275150547293	0.153447891969975	1.0979162736303
TCGA-GJ-A3OU-01	Tumor	0.886194396592634	1.50342937215293	0.504983115138652	1.09074027944843	0.744866573829625	1.39005177776412	1.36618461046206	1.56296688064128
TCGA-DD-AAEG-01	Tumor	0.0991716561287355	0.464187181945119	-0.0753091988660569	0.0392338796266589	0.347633931702817	-0.0925326760819365	0.459860474631821	-0.756822164475774
GTEX-Q2AG-1126-SM-48U1P	Normal	0.0636195035945073	0.0650721201236346	-0.745327706503784	-0.735558758768218	-0.198205542181286	-0.310880515028911	-0.0380570961717229	-0.766512774468438
TCGA-ED-A66Y-01	Tumor	1.16153150961875	0.393296513828932	0.189596479693893	0.866334043901609	0.930721013154408	0.28938770194325	0.469334717992872	0.0459353136197247
TCGA-BC-A112-01	Tumor	0.744883595955484	1.47811650881572	1.50869223193538	1.05895067111418	1.23694252549998	0.94692323080062	0.97857554280839	0.556373968911844
TCGA-BW-A5NO-01	Tumor	0.0173902655395531	-0.196505968353693	0.0552164249488829	-0.0188309138999772	-0.230343802629679	0.204604560091436	-0.410753655597865	0.00212584412777864
TCGA-FV-A3I1-11	Adjacent	-0.270574401587159	-0.53245800524658	-0.337416623098032	-0.908819449888516	-0.461457210367235	-0.601965203267565	-0.22735013532482	-0.643702580213436
TCGA-2Y-A9H8-01	Tumor	0.358390523545397	0.233140637415872	-0.48029973384955	-0.36753439295777	0.00530803414897874	0.0877605417228821	-0.120241050770644	0.125143792284
TCGA-UB-A7MF-01	Tumor	0.610126990879711	-0.0629086720910952	-0.228317516551754	-0.180463807141451	-0.501400737369063	-0.107977101980416	-0.778132508902081	0.110450671413031
TCGA-G3-A25U-01	Tumor	-0.248025683808314	-0.435993467003817	-0.77909853942768	0.097570850918029	-0.845324814640321	-0.833374831114887	-0.147117005423556	-0.713532351737516
GTEX-ZF29-2026-SM-4WWB7	Normal	-0.51931469368073	-0.817178532766833	-0.490626932592326	-0.500979830600426	-0.0892144266886536	-0.449470830069792	0.516977143008368	-0.224344373253387
GTEX-13NZB-0626-SM-5IFH6	Normal	-0.409891104162732	-0.723673477747718	-0.697025886979231	-0.854800325229425	-0.526652604600313	-0.625857308203448	-0.585844962175326	-1.13781117349173
TCGA-DD-A1EK-01	Tumor	0.197650802417579	0.056475528101218	0.150986284559491	0.414615830860774	0.199470129687857	0.494331618355358	-0.162160861376291	0.860209514176322
GTEX-14E1K-0326-SM-5S2PE	Normal	-0.618568075709841	-1.41416967435658	-0.829147394603895	-0.812545213744817	-0.283298934112262	-0.995567745787091	-0.807938869397446	-1.84139881613939
TCGA-DD-A1EE-01	Tumor	-0.479016585862906	0.14398251928624	0.561483782150468	0.46495146955419	0.024607581172318	0.0941514447533157	0.428571440019478	0.214135446498468
TCGA-G3-AAV3-01	Tumor	-0.374140806105857	0.60942734620325	0.520622289589757	0.026132831945257	0.243478912027097	0.111911011433453	0.161090129516204	0.24175268760059
TCGA-DD-A11C-11	Adjacent	-0.649074855442037	-0.502049766124892	-0.226579926139405	-0.678276951190732	-0.273527115445893	-0.925968056859565	-0.428590430134156	-0.350243531192921
TCGA-BC-A10Q-11	Adjacent	-0.693667747285782	-0.354593308040137	0.170800440666163	-0.88494827303307	-0.309942226605359	-0.202740755268871	-0.207842020944524	-0.371248815112911
TCGA-UB-A7ME-01	Tumor	0.748060895485835	0.841410486855375	-0.202555765930721	0.109194809592933	1.00016785635058	0.622873442134412	0.429208983931029	0.399597037776541
GTEX-ZVP2-0626-SM-51MSO	Normal	-0.258566213805962	-0.356980083303148	-0.756857702251619	-0.715903248579548	-0.133379007537621	-0.31363843647373	0.778650941144106	-1.12935254073409
TCGA-FV-A2QQ-01	Tumor	-0.00864482746254034	0.150073534978707	0.357780548282191	-0.360925528122182	-0.33055224171211	-0.105924004478168	0.129429929335493	-0.418866586393633
TCGA-DD-A1EG-01	Tumor	0.353275369803728	0.721042700409542	1.25282987487201	0.459687496408265	0.15064719701445	0.53219938680071	0.474639251150198	0.70825910298347
TCGA-G3-A3CG-01	Tumor	-0.0193503864364737	0.355514274550146	0.0955162673945768	0.459523693916283	0.394529943698064	0.436820124508658	-0.0980019003346122	-0.0541397527574702
TCGA-DD-AADD-01	Tumor	-0.292619051588955	-1.29565330063373	-0.268031055885122	0.665161336383963	-0.599852279011571	-0.324243861796727	-0.548607019707088	-0.610090243139844
TCGA-DD-A1ED-01	Tumor	-0.628599956214618	-0.567523939729611	-0.16807597592027	-0.248454229928187	-0.288821393419571	-0.276842213477879	0.290945322432559	0.870013385547356
GTEX-13FTZ-0726-SM-5IFFY	Normal	-0.611188721238116	-1.3845797081726	-0.709355749425151	-0.919494240875928	-0.810382035528533	-0.659682371534826	-1.45625791544758	-1.19998504216894
TCGA-2Y-A9GT-01	Tumor	0.459163990102604	0.41711278960043	-0.44080713009958	0.352708904153794	-0.228273796505271	-0.213180563927752	0.429591985159673	0.059756992399376
TCGA-G3-A25X-01	Tumor	0.635731414758778	0.785935406833721	0.538415231341399	0.756416606624985	1.07240061703674	1.09341576459038	0.576466696547644	1.22237129008435
