gene_symbol,logFC,AveExpr,t,P.Value,adj.P.Val,B,regulation
FOS,-3.50232032520324,11.2634102079395,-13.2134668308187,1.22678117364151e-34,2.60077608812001e-32,67.6373612727926,Down
TRAF2,1.21097517615177,9.79263516068053,11.9171526977252,3.66603118796093e-29,3.88599305923858e-27,55.1129599438218,Up
IRAK1,1.34050991869919,11.9658638941399,11.2063838759895,2.7076169772844e-26,1.46900841776726e-24,48.5585676335952,Up
MYD88,-0.962949051490515,11.1410434782609,-11.2037621387187,2.77171399578728e-26,1.46900841776726e-24,48.5353456336142,NS
MAP2K3,-1.08789376693769,11.4611758034026,-10.7082346732418,2.39436437111753e-24,1.01521049335383e-22,44.1138838413952,Down
CYP2B6,-3.82026720867209,11.4374593572779,-10.6143539088029,5.50214317805139e-24,1.94409058957816e-22,43.2892239144663,Down
CYP2C8,-4.01694471544715,13.0660964083176,-10.4938837070069,1.58659269081752e-23,4.80510929219021e-22,42.2396770117753,Down
MAPK3,0.817451598916012,10.2602041587902,10.2111232280119,1.84591136652988e-22,4.89166512130417e-21,39.8084448776864,NS
TLR4,-1.58273886178861,8.20345179584121,-10.1282451595988,3.76429527710613e-22,8.6117186770871e-21,39.1027257582643,Down
MAP2K4,-0.740931869918695,9.83310396975425,-10.1192088360463,4.06213145145618e-22,8.6117186770871e-21,39.0272781251387,NS
HSP90AB1,1.01958428184283,15.1085633270321,10.1032478507654,4.65618097273374e-22,8.97373060199594e-21,38.8921127813708,Up
PLCG1,1.0483695392954,10.3834744801512,9.57410296914313,3.95991734737468e-20,6.99585398036194e-19,34.4941972057148,Up
CD14,-1.80091544715448,13.5656635160681,-9.43342617065463,1.25667090941225e-19,2.04934025227229e-18,33.3519440692538,Down
SELP,-2.40678357723577,5.74591379962193,-9.38067043706746,1.93119799788189e-19,2.81147317391954e-18,32.9270252009842,Down
CAMK2B,-3.42530222222222,6.33469092627599,-9.37702646939129,1.98924988720722e-19,2.81147317391954e-18,32.8977377362311,Down
BAX,0.960033983739832,10.7399149338374,9.32555365365505,3.0173347843988e-19,3.99796858932841e-18,32.4857517769496,NS
CAMK2G,0.667696531165326,9.83444801512287,8.97504433371294,4.96284534663468e-18,6.18896007933266e-17,29.718195508782,NS
LDLR,-1.32993983739837,11.8950170132325,-8.82706311116178,1.58317192253123e-17,1.86462470875901e-16,28.5724195585941,Down
IRF3,0.797407046070457,11.2324310018904,8.80678397734114,1.85242440118952e-17,2.06691564764304e-16,28.4172870400616,NS
TNFRSF1A,-0.660254742547389,12.6896219281664,-8.67690972745399,5.05731922617733e-17,5.36075837974797e-16,27.4256891703805,NS
CXCL2,-2.2639467208672,10.5084593572779,-8.62794505264203,7.36950976365664e-17,7.43969557092956e-16,27.0540722870932,Down
NFE2L2,-0.823294850948521,11.7358941398866,-8.61398294338799,8.19536007531541e-17,7.89734698166758e-16,26.9492107884692,NS
CYP2C9,-3.07628292682926,13.4710207939509,-8.56635303400125,1.17976858833351e-16,1.0874388727248e-15,26.5896794962511,Down
IL1B,-2.04841869918699,5.20806616257089,-8.36019994542559,5.59729711438004e-16,4.94427911770237e-15,25.0537031432901,Down
HRAS,0.913960108401094,9.70604914933837,8.34351474278686,6.33747959895911e-16,5.37418269991732e-15,24.9311958746051,NS
JUN,-1.47009647696476,12.5811833648393,-8.2915556967519,9.34181215901198e-16,7.54458506661787e-15,24.5486063762925,Down
PTK2,0.7208460704607,11.3416446124764,8.28769099739537,9.60866966031521e-16,7.54458506661787e-15,24.5208096886197,NS
HSPA4,0.682411924119254,12.1312098298677,8.20916213253402,1.71948037489489e-15,1.30189228384899e-14,23.9471003129003,NS
MAPK12,1.5821962601626,7.98839319470699,8.04394868666956,5.77373247789956e-15,4.22079753556796e-14,22.7534488175464,Up
CCL3,-1.67738997289973,7.26692438563327,-7.91729286619532,1.44244798029899e-14,1.01932990607795e-13,21.85161976213,Down
RXRB,0.589505203252051,10.9233686200378,7.84832047911642,2.3627848718412e-14,1.61583997687205e-13,21.3656973075988,NS
MAPK11,1.24239300813009,7.96075236294896,7.82202571334656,2.85128859542327e-14,1.88897869446792e-13,21.1807180560814,Up
ABCA1,-0.963084010840099,11.68995463138,-7.81328865966864,3.03358598032106e-14,1.94884917523656e-13,21.1197028572854,NS
CYP2A7,-4.51645842818428,8.27927599243856,-7.79786931919052,3.3856946012247e-14,2.11108016311658e-13,21.0116221901399,Down
TAB2,-0.764008672086712,11.063763705104,-7.60612450664551,1.30433184207904e-13,7.90052430059302e-13,19.6845802218901,NS
CYP2A6,-4.38900271002711,12.8688332703214,-7.57024775095975,1.67477229060223e-13,9.86254793354648e-13,19.4387513531958,Down
PLCB3,0.655710731707332,9.41102835538752,7.55719390240557,1.83279428728179e-13,1.05014159163173e-12,19.3500654819313,NS
PRKCA,0.78104222222224,10.5341701323251,7.42696799056563,4.49446290045062e-13,2.5074371970935e-12,18.4682594273979,NS
SELE,-2.12923528455284,6.20999829867675,-7.40437199041102,5.24691044351797e-13,2.85216670263028e-12,18.3161608946353,Down
CYP2J2,-1.51791707317074,11.3761077504726,-7.36446005784221,6.8858896326497e-13,3.64952150530434e-12,18.0490583124248,Down
ARHGEF1,0.517807046070445,11.4086672967864,7.12460169569651,3.44157301862895e-12,1.77954507304717e-11,16.4690365529343,NS
TAB1,0.465514850948539,10.245584120983,7.002044915653,7.70628043997499e-12,3.88983679351118e-11,15.6781833594656,NS
POU2F1,0.538511327913275,9.37829678638941,6.88068267520561,1.69342291559775e-11,8.34896879317959e-11,14.9062738161336,NS
CALML6,1.49110944715447,4.19646635160681,6.7634095938956,3.58715400866623e-11,1.72835602235736e-10,14.1708426940149,Up
CCL2,-1.64806997289972,8.72462570888469,-6.71095612345419,5.00087351284545e-11,2.35596707716274e-10,13.845457450567,Down
APOA1,-2.30120433604336,17.5739848771267,-6.56783009080469,1.22511036196835e-10,5.64616079863675e-10,12.9684893605313,Down
CYP1A1,-3.34462373983739,7.87248563327032,-6.49965732002293,1.86698497764629e-10,8.42129394172368e-10,12.5564173503686,Down
CALM1,-0.446288888888867,12.9694896030246,-6.44704053853093,2.5775048761128e-10,1.13839798694982e-09,12.2410864638625,NS
DDIT3,0.852075230352314,10.247404536862,6.38126110391117,3.84786044598274e-10,1.66478860111906e-09,11.8494855081469,NS
STAT3,-0.659786449864491,12.9974669187146,-6.37182376313642,4.07339965861442e-10,1.72712145525251e-09,11.7938135246271,NS
PLCB1,1.29298850948511,8.58283175803403,6.29217233610431,6.58345665651223e-10,2.72178106585893e-09,11.3248884090423,Up
TRAF3,0.62873392953931,9.2165595463138,6.28980632405943,6.67606676531436e-10,2.72178106585893e-09,11.3112318323697,NS
CAMK2D,-0.560832520325173,10.4048374291115,-6.282040437528,6.99389907416312e-10,2.79755962966525e-09,11.2658167061693,NS
XBP1,-0.623745799458003,14.2750510396975,-6.26292364074522,7.84069298046457e-10,3.07819798492313e-09,11.1542269322261,NS
TANK,-0.505718265582631,10.2571304347826,-6.03537878335101,2.989702870034e-09,1.15239456081311e-08,9.84859705425495,NS
CASP7,-0.590743902439005,9.75614366729679,-5.95230179261662,4.8243836436073e-09,1.82637380793705e-08,9.38238334649595,NS
AKT1,-0.472450406504056,12.2555009451796,-5.90881682742687,6.18401383257734e-09,2.30001917983578e-08,9.14060485986654,NS
IKBKG,0.737806666666677,10.9994877126654,5.86446126330791,7.95481168272431e-09,2.9076208219613e-08,8.89549391486007,NS
RHOA,0.33541842818423,13.4942911153119,5.79982166847222,1.14464052870455e-08,4.11294562856552e-08,8.54142149164166,NS
TLR2,-1.29418590785908,7.85024574669187,-5.74525413863914,1.55258526240334e-08,5.4858012604918e-08,8.24500006531675,Down
IL6,-1.7367362601626,3.63865387523629,-5.55611627550736,4.38160760412864e-08,1.52278821651684e-07,7.23722902957934,Down
POU2F2,-0.97456135501355,6.30615689981096,-5.54914371391177,4.5499217810028e-08,1.55577970576225e-07,7.20064977040261,NS
APOB,-1.13127371273713,17.3515482041588,-5.30732465049473,1.64100246851475e-07,5.5221035448433e-07,5.95742989000756,Down
FAS,-0.89166542005419,8.90364839319471,-5.27620664377342,1.92880755701538e-07,6.38917503261344e-07,5.80105543148877,NS
MAP3K5,-1.12651414634146,9.01799054820416,-5.26924585099455,1.99958579595355e-07,6.5217259806485e-07,5.76618919337527,Down
CALML3,-1.63479779945799,3.17517088846881,-5.19325891941795,2.95573995115986e-07,9.49419499463469e-07,5.38827246516747,Down
NFKBIA,-0.55050731707315,12.3301663516068,-5.16742386043741,3.37175891280157e-07,1.06688490972229e-06,5.26099819678626,NS
PPP3CA,-0.405996422764218,9.70385822306238,-5.1633460074097,3.44245808120376e-07,1.07323693119882e-06,5.24094747329345,NS
CYBB,-1.14288926829269,8.70102079395085,-5.11131594188634,4.48098180018154e-07,1.37676542266447e-06,4.9862905549327,Down
RAC1,0.333261246612461,13.0903213610586,5.09882660427079,4.77157469256796e-07,1.44510547832058e-06,4.92561265956083,NS
PIK3R1,-0.753078590785899,11.8605973534972,-5.05998706773993,5.79876680932965e-07,1.73146276560266e-06,4.73743934053428,NS
MAPK9,0.356946287262899,10.3729224952741,5.04007591794009,6.40429653291815e-07,1.87753500288087e-06,4.64159831545524,NS
NRAS,0.42846807588076,10.8556956521739,5.03818005290692,6.46509694388225e-07,1.87753500288087e-06,4.6324830175892,NS
MMP1,1.74341100271003,3.98242192816635,4.97992619111526,8.63117427982501e-07,2.4727147936796e-06,4.35384405138143,Up
IKBKE,1.01391685636857,7.37265217391304,4.97029509773603,9.05092363389009e-07,2.55839441384627e-06,4.30807357707842,Up
CASP3,0.424994850948526,9.98628922495274,4.95883619128727,9.57521314552832e-07,2.67098050901579e-06,4.25379508387313,NS
NLRP3,-1.01038596205962,5.36378449905482,-4.95313158454096,9.84830843804229e-07,2.71148232320125e-06,4.22670630111222,Down
TRAF6,-0.37104211382114,8.3239168241966,-4.93764656734181,1.06246762181714e-06,2.88773251057991e-06,4.15358839825891,NS
CASP8,0.441721734417358,9.51799054820416,4.80698587136798,2.00087268792263e-06,5.36943050429872e-06,3.54434927740122,NS
APOA4,-2.77922731707317,8.77720302457467,-4.78235685971901,2.25098695463521e-06,5.96511542978331e-06,3.43112186658899,Down
PLCB2,-0.748736151761506,8.40419092627599,-4.72987064062479,2.88784173785068e-06,7.55830183239932e-06,3.19174284721472,NS
HSPA5,0.557897018970181,15.0652741020794,4.6871001691847,3.53164736345889e-06,9.13060050064981e-06,2.99851047170699,NS
MMP9,1.52044937669378,7.77217202268431,4.67414404847027,3.7527436523069e-06,9.58532113601279e-06,2.94024217626281,Up
TNFRSF10B,-0.48648780487803,11.2782438563327,-4.66982711741463,3.82899771108399e-06,9.66366088987864e-06,2.92093119713688,NS
HSP90AA1,0.485351761517615,14.8169943289225,4.66656409338873,3.88782509390632e-06,9.69669317538987e-06,2.90630205130247,NS
NFATC3,-0.476489430894299,10.0494196597354,-4.64731811819553,4.252876077186e-06,1.04838340507376e-05,2.82020795865832,NS
SRC,0.867662547425478,9.66358412098299,4.50955734929629,8.01148641832099e-06,1.95222427664833e-05,2.21349654577962,NS
PIK3CD,-0.759445474254742,8.03392438563327,-4.46875025850719,9.63447640105702e-06,2.32103295116374e-05,2.03703706563672,NS
MAPK10,-1.02977306233063,5.32898865784499,-4.37531736458098,1.46197074655596e-05,3.4824471715715e-05,1.63861740346753,Down
MAPK8,-0.296262276422739,10.0434328922495,-4.34608555351147,1.6630811821538e-05,3.89481344936755e-05,1.51561593312075,NS
NOX1,0.996264704607047,1.55434933837429,4.34490450283886,1.67183030137947e-05,3.89481344936755e-05,1.51061802379499,NS
NFKB1,-0.410552791327895,10.3975652173913,-4.13792635466202,4.07824517981002e-05,9.39769541434483e-05,0.661679999463827,NS
CALM3,0.337039566395672,12.9920982986767,4.07666537208281,5.27274505054465e-05,0.000120195908679082,0.417840812740803,NS
LBP,-1.16370379403794,14.4150807183365,-4.029844502265,6.40283040578846e-05,0.000144404260215655,0.23374953735442,Down
RAP1A,-0.256525745257465,11.0895293005671,-3.98896378704866,7.57359885019486e-05,0.000169010837499085,0.0747073157611746,NS
PPP3CC,-0.310073116531168,8.62204536862004,-3.93535915265122,9.41895579595224e-05,0.000208001940493945,-0.131562107486636,NS
NFATC2,-0.639422872628726,8.79842722117202,-3.93159828703032,9.56361576950483e-05,0.000209019231251033,-0.145963167315308,NS
GSK3B,0.247221138211403,10.6629470699433,3.83476952192879,0.000140860632775337,0.000304718919881342,-0.511519596428346,NS
CYCS,0.400689972899734,12.2231947069943,3.82098856822077,0.000148743726864552,0.000318521920154395,-0.562850230828247,NS
NCF1,-0.724027642276425,6.88276748582231,-3.71170370366329,0.000227746708217085,0.00048282302142022,-0.963731668751281,NS
MAP2K7,0.215302059620624,10.6153572778828,3.6817154913876,0.000255514066851994,0.000536326556164581,-1.07177773874768,NS
MAP3K7,0.293883252032538,10.0058998109641,3.67607375031569,0.000261083104369722,0.00054264331496452,-1.09201574463502,NS
PDPK1,0.435148509485108,10.5649584120983,3.66930071943525,0.000267921919792088,0.000549153671499782,-1.11627939110143,NS
NFATC1,-0.621611056910566,7.68176559546314,-3.66786662982863,0.000269396140735742,0.000549153671499782,-1.12142451437169,NS
IL12A,0.780451002710027,2.64911228733459,3.6579186953668,0.000279796450987359,0.000564922358184001,-1.15696192681521,NS
TNF,-0.813671544715449,3.46327580340265,-3.61365408814146,0.000330817040906106,0.000661634081812212,-1.31397739586915,NS
CCL5,-0.78141539295393,8.94010586011342,-3.5288378984725,0.000453839441141922,0.000899195902075583,-1.60975094910289,NS
HSP90B1,0.360018970189719,15.4775236294896,3.50265875156715,0.000499716645092013,0.000980925266291729,-1.69967365916964,NS
SOD2,-0.622236314363123,14.9843100189036,-3.49076343098296,0.000521982358191636,0.00101523174253786,-1.74034659601968,NS
PPP3R1,-0.214185365853677,11.1811965973535,-3.44080511342482,0.000625932029614082,0.00120634172980169,-1.90963543793375,NS
VAV1,-0.626391815718163,7.24630056710775,-3.43749157675867,0.000633483324197705,0.00120989607864787,-1.92079812817302,NS
HSPA1A,0.674855284552843,14.353988657845,3.36434159517292,0.000823059217440771,0.00155793351872717,-2.16425869924916,NS
BID,0.334334254742554,10.7654253308129,3.3321403079568,0.000922204797166588,0.00173015413273732,-2.26982844342981,NS
PIK3CA,-0.242530840108381,9.68287334593573,-3.31816392176259,0.000968607959184443,0.00180127094164125,-2.31535236624938,NS
TNFSF10,-0.599194579945797,11.5155141776938,-3.25468173062866,0.0012079828003724,0.00222689003199087,-2.51982777755942,NS
PLCB4,0.733005853658535,4.8081550094518,3.24921949852012,0.00123095167584952,0.00224967030413878,-2.53724320125346,NS
CXCL1,-1.3639854200542,6.05992381852552,-3.24255152257574,0.00125953889145892,0.00228224141016489,-2.55846484565626,Down
PIK3R2,1.18031105691057,1.77772608695652,3.23861711491251,0.00127669374813128,0.00229372097121891,-2.57096692649313,Up
JAK2,-0.408502981029798,7.9308336483932,-3.21157052719363,0.00140059558289345,0.00249517868549086,-2.65651227825405,NS
CXCL8,-1.23437311653117,7.59352930056711,-3.15508433316852,0.00169602619980115,0.00299631295298204,-2.8329572447312,Down
TIRAP,0.278359078590782,8.29778449905482,3.13264905847017,0.00182852567436276,0.00320369787574302,-2.90218954501309,NS
CASP1,-0.475946991869916,8.63046502835539,-3.09291696016206,0.002086912479811,0.00362643807967157,-3.02365819486329,NS
CALM2,0.209137127371243,13.4595085066163,3.05151921765392,0.00239144480993118,0.00412183983500334,-3.14860805754034,NS
PPARG,0.436921626016266,9.21841020793951,3.01985486797813,0.00265141582638966,0.00453306576769846,-3.24309916133246,NS
RAP1B,-0.180613550135535,11.780415879017,-3.00447621897243,0.00278674877737945,0.00472632592643555,-3.28863464759742,NS
TLR6,-0.504949539295391,5.94463327032136,-2.96640588161203,0.00314957113343422,0.00529927841498455,-3.40042251473599,NS
PIK3CB,0.222143956639586,10.0472646502836,2.94776409241703,0.00334248176156932,0.00557957585395824,-3.45464632506128,NS
CXCL3,-0.797886775067751,4.21848487712665,-2.91603933458575,0.00369586440322614,0.00612127541784329,-3.54618577603927,NS
HSPA1L,0.356669701897021,6.03648771266541,2.87569757546385,0.00419425565151965,0.00689288525676098,-3.66119027629528,NS
IRF7,-0.448301788617876,10.5635141776938,-2.86029606246886,0.00440016212746863,0.00717564900787191,-3.70469106403386,NS
CD40,-0.48800932249322,9.25977882797732,-2.83026030768656,0.00482830741695981,0.00781374940759908,-3.78886783969508,NS
FASLG,-0.621559891598914,4.07025860113422,-2.79538130704451,0.00537269621377488,0.0086288757372748,-3.88553617026215,NS
AKT2,-0.204279132791319,12.4589981096408,-2.768733965727,0.00582536067551555,0.00928553731736313,-3.95860002111715,NS
AKT3,-0.468896151761514,8.26653686200378,-2.7082428186395,0.00698363929327703,0.011048742762498,-4.12195472030184,NS
ATF6,0.243512737127343,11.5745274102079,2.67972345681555,0.00759843970161072,0.0119323645684554,-4.19774534925712,NS
TICAM2,0.420310298102982,7.25877221172023,2.65508186889197,0.00816850791989797,0.0127332623457233,-4.26261144883923,NS
ERN1,-0.30595669376693,10.8377844990548,-2.59784938135196,0.00964299077773771,0.0149220003275941,-4.41100239571055,NS
PYCARD,0.544171219512192,8.56846691871456,2.57350562379294,0.0103393210747099,0.0158318051016456,-4.47316926718062,NS
RELA,0.128918157181536,11.6810775047259,2.57211665681883,0.010380287307211,0.0158318051016456,-4.4766946870726,NS
NOS3,-0.413456368563677,8.430797731569,-2.53355394641648,0.0115796163189947,0.0175348475687634,-4.57395195784777,NS
IL18,-0.522174092140919,7.1013629489603,-2.47596385788521,0.0136004028350718,0.0204488326314555,-4.71652070437603,NS
CCL3L3,-0.587304065040647,5.34476805293006,-2.41334287429149,0.016146688412423,0.0241063235453075,-4.86790827178288,NS
HSPA1B,0.584614634146343,13.0435103969754,2.40819980555568,0.0163733928370603,0.0242738411290684,-4.8801732373025,NS
ROCK2,0.21104764227643,10.8322665406427,2.37241520039312,0.0180297546183831,0.0265438054103973,-4.96479915302873,NS
PPP3CB,0.135310243902472,10.1261361058601,2.2545849859382,0.0245685495265102,0.0359209137904838,-5.23468954062764,NS
HSPA2,0.36474704607046,8.18799810964083,2.21673132335352,0.0270671035870258,0.0393029175373251,-5.31853439446783,NS
MAPK1,0.181324119241195,11.7766994328922,2.19570686187415,0.0285474398872595,0.0411704575244831,-5.36449805397834,NS
TNFRSF10A,-0.306094959349585,7.77155198487713,-2.17024478902818,0.0304337120251135,0.0435942361440815,-5.41959147834029,NS
EIF2AK3,-0.222353008130073,9.5130831758034,-2.16056040449199,0.0311786408073425,0.044361556048031,-5.44037788309041,NS
KRAS,-0.211695338753378,10.0356502835539,-2.15684306982831,0.0314687721625724,0.0444758646564357,-5.4483331302227,NS
HSPD1,0.190611382113811,14.6086389413989,2.04945186735377,0.0409117295271043,0.0574389845016299,-5.67233879234372,NS
PPP3R2,0.242141398373984,0.402890548204159,2.0310512409404,0.0427505282955816,0.0596257368333112,-5.70959139492168,NS
MAPK13,0.557553116531169,8.35650661625709,1.96620787889484,0.0497984701498959,0.0690018017763263,-5.83823038548816,NS
CASP6,-0.152116856368561,9.05566540642722,-1.95518797469277,0.0510882890337353,0.0703293329555317,-5.85968222825483,NS
BAD,0.185380162601634,10.7829111531191,1.94611630535175,0.0521711565417149,0.0713566786247971,-5.87725319278991,NS
IRAK4,0.126857777777778,9.02502079395085,1.93551253599361,0.0534612445449671,0.0726524605354681,-5.89768958242277,NS
POU2F3,0.534091219512197,3.14986559546314,1.90020992446509,0.057950454320712,0.078251568891662,-5.96493479998559,NS
HSPA6,0.513870298102984,7.78367296786389,1.89107965710741,0.0591612786086023,0.0793809561077448,-5.98212740138615,NS
IKBKB,0.155026178861807,10.0847958412098,1.84483066607987,0.0656223094649098,0.0874964126198798,-6.06795983585449,NS
ICAM1,-0.377771815718145,11.5814896030246,-1.8018152941214,0.0721451974464904,0.0955923866165997,-6.14590911809301,NS
ABCG1,0.333793766937676,8.7135236294896,1.77260563349236,0.0768710517983735,0.101221509200343,-6.19780470169683,NS
RXRA,-0.18822330623305,13.1764536862004,-1.76100874700058,0.07881601067442,0.10314193989492,-6.21817550710092,NS
MMP3,0.500688130081301,1.62229924385633,1.56768304587852,0.11755466650471,0.152893185883426,-6.5382877759741,NS
IFNA8,-0.019804,0.00484536862003781,-1.49228347080967,0.136222375684798,0.176092339299861,-6.6531513893713,NS
BCL2L1,0.134338211382117,12.3440642722117,1.38517277623528,0.166584844269142,0.214036284757928,-6.80666973471981,NS
BCL2,-0.200078265582656,7.48923062381853,-1.31405532673198,0.189398629420259,0.241882586970451,-6.90233176144265,NS
VCAM1,-0.345811707317065,9.40867485822306,-1.28836410911704,0.198183959279706,0.251586822558669,-6.93565845696322,NS
RXRG,-0.45021241192412,3.87139054820416,-1.26759513869806,0.205501734036562,0.259323616760423,-6.96212202895266,NS
CDC42,0.0799495934959644,12.6073724007561,1.25216871730708,0.211063029276707,0.264765456844153,-6.98150161599464,NS
ATF4,0.108354471544695,13.592438563327,1.19668500270671,0.231966657889608,0.289276067485864,-7.0492529272869,NS
IL12B,0.193579523035231,0.947515879017013,1.18299071026575,0.237345633171368,0.294253065686141,-7.06550515199908,NS
VAV2,-0.0933387533875436,11.8241890359168,-1.09182877482687,0.27540655529655,0.339454591412026,-7.16895222527959,NS
MIB2,0.10200097560978,10.2135916824197,1.07874930984668,0.281192288298766,0.342790944977244,-7.18311732318038,NS
LY96,0.259334959349594,7.12122117202268,1.07840178013972,0.281347285028493,0.342790944977244,-7.18349124495999,NS
CALML4,0.143221138211389,8.67599621928166,1.0240932435687,0.306260555676773,0.369695045505389,-7.2404704645235,NS
IFNA5,0.0797126829268293,0.212537618147448,1.02270344640968,0.306916641551644,0.369695045505389,-7.24189027493745,NS
APAF1,0.139298373983747,8.73941587901701,1.00177403164578,0.316911970532153,0.379578179394443,-7.26303720596079,NS
MAP2K6,0.207295392953926,7.21177882797732,0.966339700147147,0.334316969502096,0.398175267047441,-7.29784694369706,NS
IFNA17,-0.0187594579945799,0.0126359168241966,-0.945027783714436,0.345077146216629,0.408694720658801,-7.3181818152869,NS
MIB1,0.100558590785923,10.3633364839319,0.932139044680754,0.351690904054843,0.414213731442371,-7.33026028132245,NS
CHUK,-0.0690151761517353,9.82224763705104,-0.922934754951429,0.356462961621262,0.417514629081257,-7.33878474247428,NS
CD40LG,-0.179824498644989,4.21753175803403,-0.788053556726605,0.431019298488322,0.502066435601782,-7.45402798932686,NS
TICAM1,0.0773228184282075,10.1579073724008,0.751356410597866,0.452773102763183,0.524524031616365,-7.48224585515218,NS
IFNA4,0.0198157181571816,0.0227788279773157,0.741879318471077,0.458490484407908,0.528260775513459,-7.48931502303557,NS
NCF4,-0.118445257452575,7.64504347826087,-0.720989847005467,0.471235112111689,0.540009966311774,-7.50458059580403,NS
NCF2,0.133732628726284,8.12102835538752,0.660148145314233,0.509446860040346,0.58065986198147,-7.54656316086149,NS
IFNA21,0.0284534959349594,0.0622741020793951,0.626154763804253,0.531484152098661,0.602538183127894,-7.56841170738132,NS
VAV3,-0.112777777777787,6.92272778827977,-0.568639631957619,0.569842683850195,0.642588558384263,-7.6027519756923,NS
IFNA6,0.0101989159891599,0.013178449905482,0.507287600844503,0.612164947718387,0.686661211197344,-7.63574314377132,NS
CYBA,-0.102688726287264,10.3468223062382,-0.456320177905358,0.64834754198974,0.723419362641184,-7.66029160777154,NS
IFNA14,0.0132956639566396,0.0282421550094518,0.435721042370325,0.663217296462662,0.736136475654892,-7.66947697390655,NS
CASP9,-0.0448048780487866,9.11476937618147,-0.427726663009648,0.669024613254964,0.738714677135689,-7.67292754746944,NS
IFNA1,0.00919728997289973,0.0150468809073724,0.415845218857237,0.677692306937762,0.744408129900547,-7.67793790593042,NS
TP53,-0.0528541463414562,10.0779584120983,-0.388843566609102,0.697548747581853,0.762269765398725,-7.68879984287204,NS
CD36,-0.0876730081300732,10.4662155009452,-0.372806552309795,0.709442149053629,0.771290951791638,-7.69490622221616,NS
LYN,0.0413646070460789,10.1360926275992,0.366646217494297,0.714029885924412,0.772318039877425,-7.69718358506374,NS
EIF2S1,-0.0253192411924204,10.8486483931947,-0.341203970445428,0.733085835441623,0.788904553876264,-7.70618721824282,NS
CAMK2A,-0.101378536585366,3.07036918714556,-0.329116266855495,0.742198415528443,0.794677091373888,-7.71023814662608,NS
VLDLR,0.102845311653115,6.94967939508507,0.313545749010083,0.753989991429601,0.803245619010429,-7.71524108186252,NS
OLR1,0.105846666666663,4.05184064272212,0.293416436316597,0.769319243462797,0.811564714727462,-7.72134964314308,NS
IFNA7,0.00715392953929539,0.0203534971644612,0.291432139429436,0.770835346641741,0.811564714727462,-7.72192990098803,NS
TBK1,-0.0196456368563567,9.89094517958412,-0.288230638509025,0.773283360259186,0.811564714727462,-7.72285776415336,NS
IFNA2,0.00500054200542005,0.0110192816635161,0.275499153069377,0.783040610462995,0.817756696641157,-7.72644622883828,NS
MAPK14,-0.0182346883469027,11.495202268431,-0.268398850732649,0.788497204276917,0.819418663268169,-7.72837711854876,NS
CALML5,-0.03962481300813,1.00086748582231,-0.224882044318339,0.822158109448303,0.850231800990441,-7.7391101982048,NS
IFNA13,0.00486449864498645,0.015461247637051,0.211941873559525,0.832234208593886,0.856474039912155,-7.74193659620754,NS
HSPA8,-0.016559349593507,14.7654631379962,-0.141127222152104,0.88782329545404,0.909268302590611,-7.7544386159263,NS
IFNB1,-0.000827230352303504,0.130613232514178,-0.0131101560327345,0.989544863014979,1,-7.76431216829841,NS
ITPR1,-0.00200276422764034,8.63500756143667,-0.0122777868591438,0.990208630767668,1,-7.76432273564045,NS
IFNA10,0,0.0156049149338374,0,1,1,-7.76439811709212,NS
IFNA16,0,0.0159262759924386,0,1,1,-7.76439811709212,NS
PIK3R3,0,0.00292627599243856,0,1,1,-7.76439811709212,NS
